Timestamp,High,Low,Open,Close,Volume,QuoteVolume,Adj Close
1451606400,435.0,428.26000202,428.26000202,434.98999999,2975.02694268,6.8872573,431.96105693
1451692800,438.13999999,430.5,434.98999999,436.9499,944.85328936,2.1799812,433.42267784
1451779200,435.61499822,426.45308869,432.31,428.14,683.91847,1.59634895,428.42667325
1451865600,435.999999,427.29114042,427.29114142,432.00001111,724.97600445,1.67342763,433.22817877
1451952000,435.999999,429.5695,430.14021095,430.37677352,427.64728309,0.99253002,430.86584231
1452038400,434.99999973,427.290001,430.17047263,427.50002018,819.34482713,1.90335797,430.47332138
1452124800,458.89700208,427.50057343,427.50057343,458.89700208,10706.24231174,24.01355979,445.84153309
1452211200,468.0,446.99999999,451.10001118,453.05,5912.94840652,12.93045198,457.28860952
1452297600,457.3980537,447.00037915,453.05,447.420001,1879.48546964,4.18158121,449.46764758
1452384000,453.02999998,440.02000706,447.420001,450.72851988,9116.86086338,20.46199501,445.55092789
1452470400,455.66999999,444.89,448.77,447.0,7224.81225238,16.13130083,447.87536532
1452556800,448.62,434.07784163,448.08324386,434.4962313,7525.82848928,16.94157502,444.2224811
1452643200,439.69999998,424.001,433.4962313,433.68500408,9072.75886437,21.08651871,430.2634773
1452729600,434.99999999,424.0,428.53476603,429.49640246,2267.46968672,5.27221683,430.07898951
1452816000,429.49640246,358.000006,428.88954001,362.0,27192.75979869,69.04527551,393.83954365
1452902400,387.99999999,333.6,357.0,386.4618669,19523.98472643,53.71812172,363.45248309
1452988800,394.1,369.71695546,386.46186691,370.0,13842.4998052,36.26175886,381.73823444
1453075200,399.94999999,367.11112952,371.44223035,388.0,22196.01999022,57.57306112,385.52787637
1453161600,395.0,376.73464414,393.89998999,378.50200171,8779.08855613,22.66875144,387.27711049
1453248000,422.88270948,377.4225,379.502007,422.88270948,15387.14149928,38.05770367,404.31082318
1453334400,420.42999999,401.43089234,418.00000397,406.0000001,6751.03616056,16.43429452,410.78953236
1453420800,413.26513434,375.0,405.0000003,380.97271858,6756.02213209,17.39397088,388.41171913
1453507200,404.36071952,378.02890176,378.02890176,389.94000001,13328.05830136,34.25231086,389.11413468
1453593600,407.91799999,378.80930001,385.00000003,402.85787573,10516.92480948,26.78341595,392.66555203
1453680000,406.80087625,384.90950034,404.82937107,391.17000081,18108.31186502,45.79431393,395.42708059
1453766400,399.65700001,384.90950034,390.26000002,395.11999999,15647.27354435,39.99480993,391.23260172
1453852800,401.17609864,384.332,387.79,396.0,12979.7346639,33.01060657,393.1989143
1453939200,391.19000101,374.68813274,391.19000101,378.0000001,11050.97176019,29.05393899,380.36053438
1454025600,381.0000001,357.59046709,376.98,376.8600002,12980.18192613,34.81245568,372.86027867
1454112000,380.5,371.2,378.94281121,378.66999987,1781.19602242,4.72278541,377.14947171
1454198400,380.5,362.60000001,380.22999999,367.33999995,8407.72255208,22.4369113,374.72727148
1454284800,380.09999995,360.5,367.33999991,370.45,13509.41891094,36.38603875,371.28028702
1454371200,377.7777777,368.67145259,376.09,368.6900001,5604.44787387,15.0157779,373.2372649
1454457600,373.0,351.8881965,368.81387894,358.52,9004.93684017,24.72730712,364.16973334
1454544000,389.59999999,358.51,360.00002945,389.59999999,17028.530682,45.73942499,372.29437592
1454630400,397.97511686,380.3530589,385.7773098,385.98899663,22708.10009319,57.96301395,391.76879436
1454716800,388.18962933,371.0,388.18962933,377.63999823,15583.53414189,41.10831006,379.08476702
1454803200,381.67419373,368.99999823,376.96999674,372.99999916,15932.59275596,42.41345192,375.64951765
1454889600,379.00999997,369.09999999,372.99999916,369.65447893,6479.48321648,17.38359135,372.7355922
1454976000,380.49,369.65451242,373.21999972,376.71518383,20723.32240604,55.2633927,374.99185977
1455062400,385.0,364.1000001,376.98829552,382.97999999,37846.45175219,100.09405847,378.1088741
1455148800,388.254,371.00000001,382.98,387.95,21454.516881,56.58276553,379.17052445
1455235200,415.01869658,320.0,378.34879972,385.0,56849.66494514,151.41985003,375.44393904
1455321600,397.99999998,380.31135223,384.31,391.98999996,44799.38904767,115.17376689,388.97216143
1455408000,406.00000681,390.01050005,391.98999996,404.88887998,29671.13864735,74.45059742,398.53459442
1455494400,408.7,397.59,398.00001134,403.8416231,40996.12487407,101.64696854,403.31871636
1455580800,412.79999999,399.00000352,399.00000362,408.00000009,26228.93154111,64.29109315,407.97146627
1455667200,426.0,399.55,411.49999999,413.50000048,48770.63843345,117.91827392,413.59694992
1455753600,424.76999998,411.0,413.50000535,418.10000823,34912.88661748,83.30538084,419.09521648
1455840000,424.8,413.00000001,420.0,417.00000354,14617.06581747,34.85415445,419.37800667
1455926400,440.0,416.001,416.001,436.5100001,37972.04766773,87.98980171,431.55055392
1456012800,445.0,420.48999982,436.99999009,441.00000442,35817.96966889,81.97225587,436.95234794
1456099200,441.00000442,429.17,441.00000442,440.0,23594.55422733,54.19509622,435.3632685
1456185600,440.00000001,413.42,440.0,416.10000178,60429.45297098,141.62216213,426.69489056
1456272000,425.09999896,405.99500043,416.10000178,409.45245,39025.54904354,94.03714592,415.00141951
1456358400,425.70181751,384.02000001,409.453,422.999999,77657.33776091,190.54795475,407.54747466
1456444800,432.48000001,411.88900001,420.0,432.48000001,37088.59457624,87.40090521,424.35023398
1456531200,434.99999,421.00100001,429.00000552,425.52,18908.51511429,44.24819954,427.32846332
1456617600,439.44,380.99999,430.0,432.84999997,71879.58639651,172.11082647,417.63547285
1456704000,441.30464888,431.55004679,431.55004679,436.1,30212.28504225,68.95950651,438.1163174
1456790400,442.89999999,424.73000001,440.0,434.00000001,53433.06313699,123.50955755,432.62290139
1456876800,438.9999999,422.13646503,432.3700057,425.98623253,35872.40546759,83.08450474,431.75807065
1456963200,433.89,408.08999991,423.50910522,417.24,81434.40448315,193.59632347,420.64024266
1457049600,437.4944444,393.33,422.499999,408.14999999,79482.19429671,192.1003058,413.7536063
1457136000,410.0,378.88,400.40000001,392.0,129675.78057729,331.59550797,391.06615578
1457222400,433.0,378.99,391.999,407.00000002,119132.11979732,294.66863098,404.2918291
1457308800,420.02688172,401.7,407.00000002,409.9,62823.92444519,152.98033287,410.66667372
1457395200,415.60594081,402.83042801,409.90000001,410.40000001,47787.9324513,116.27557706,410.98856406
1457481600,415.0,401.00000003,410.40000001,404.4,82827.86906176,202.33978322,409.35038944
1457568000,419.9,402.25185002,404.0,416.60126,64807.42080052,157.25680599,412.11202524
1457654400,424.44475104,413.98,417.3,421.1,39582.40035558,94.39262269,419.33785954
1457740800,422.06999999,406.57296965,421.09999999,410.5,118475.77071643,286.70876716,413.22688486
1457827200,416.58836052,403.0,410.64106349,410.79,67860.07352421,165.64629278,409.66853157
1457913600,420.0,385.0,403.88641349,411.95000001,174393.54265204,426.0125541,409.36244947
1458000000,419.98956999,408.05,413.16000001,413.49000459,32758.04558617,79.15230249,413.86093083
1458086400,419.9,409.48402084,413.49000459,418.1,39999.95745837,96.6490883,413.86792324
1458172800,428.85247103,414.5,418.1,418.30999999,74062.69656392,176.47793796,419.67113521
1458259200,421.0,395.00010001,418.30999999,404.91999981,149460.46486619,364.25437743,410.3189258
1458345600,416.795,400.0,401.02100001,404.25730345,68209.42580957,167.77795689,406.54581253
1458432000,415.71129614,404.26,409.22999976,409.98,39316.06686728,95.72352369,410.72523609
1458518400,412.98,402.92,409.00000001,404.36491835,65750.7879139,161.16163681,407.98039294
1458604800,418.59410249,403.96155785,406.56757875,414.99458,47490.18751185,114.68079951,414.10757262
1458691200,423.0,413.67326001,414.99958,416.6,32499.02786897,77.66869437,418.4314946
1458777600,423.81442871,414.0,416.6,418.8,57163.65425816,136.72118967,418.10383888
1458864000,418.88,413.50108799,418.00000001,416.71542144,9248.62912324,22.22939281,416.05405969
1458950400,420.59117429,413.93,415.47795858,418.32335169,23467.42120272,56.18818033,417.6576117
1459036800,428.99999996,415.0,415.271,424.0852,50868.76451029,119.85024086,424.43606408
1459123200,428.75209124,420.0,424.1252,425.39092016,48232.4741829,113.75665627,423.99694017
1459209600,428.5,410.0,421.1000001,416.965,74052.5605586,176.77798206,418.90149268
1459296000,420.499,410.0,416.965,414.3,106608.59953261,256.69478938,415.31267459
1459382400,420.42259642,414.30000001,416.7734024,417.0,16043.0095792,38.36353744,418.18379246
1459468800,420.04,416.0000001,416.0000001,418.2,12339.2326862,29.48380466,418.50883318
1459555200,424.0,418.00000001,418.59,421.56301498,68343.11854222,162.01592542,421.82963412
1459641600,424.5,419.91910001,419.91910001,423.99899758,65653.62855696,155.35475697,422.60455899
1459728000,423.999,420.2,421.90816998,420.50000777,26764.47646093,63.37689377,422.30653584
1459814400,425.887,420.20000007,422.80000782,424.15999996,32694.42101929,77.29184,422.99964678
1459900800,425.938118,420.55,424.15999995,422.49957852,35692.79788744,84.33157232,423.24359555
1459987200,424.7050012,420.083,422.92250103,423.99999994,19851.51911763,47.12197427,421.27944393
1460073600,426.5,418.0,421.96837823,419.00010005,54145.06645227,128.15342593,422.50190394
1460160000,426.7,414.140001,419.001,420.5,55845.45172203,133.58390521,418.05524126
1460246400,425.0,415.1500001,417.62721002,419.71930424,90353.82208384,214.64337189,420.94857757
1460332800,424.77,419.0,419.71930424,422.75262835,16320.47263178,38.65905706,422.16427075
1460419200,429.98,422.4,423.17538097,424.89,69844.33423397,164.02084592,425.82596036
1460505600,427.5,423.24,426.5,425.0,29207.16247342,68.74591189,424.85671759
1460592000,428.999,423.511,424.56576567,427.17996899,35223.39463007,82.64670874,426.19234531
1460678400,437.30488611,424.81799693,427.1799692,430.61709605,28984.00151681,67.30984251,430.60569503
1460764800,436.34562405,429.599999,430.61709605,430.85,20080.51611305,46.38990099,432.86395712
1460851200,438.79118705,426.0,431.43100004,428.0,71854.77239978,166.8799229,430.57769413
1460937600,432.8,427.2,428.81999999,430.31052983,46770.67435812,109.02701995,428.98241536
1461024000,440.53415106,427.28621864,428.7,437.93750001,30095.27729175,69.34843575,433.97197018
1461110400,448.54054299,434.15442601,437.93750002,443.12202632,41707.7556308,94.50938263,441.30809524
1461196800,459.24500033,440.74000012,443.12202632,450.79900002,67739.88195091,151.01794161,448.55519303
1461283200,456.74703717,445.63418304,450.79900455,447.539519,64890.05616896,143.80875081,451.22467028
1461369600,454.82827541,446.62111001,449.28214327,453.11,29399.15866886,65.19353986,450.95202273
1461456000,464.38504995,451.0,453.11,460.90144101,28173.24466087,61.52637365,457.90517122
1461542400,474.06891535,456.55000001,460.90144101,465.0,60588.22044081,129.98434483,466.11936629
1461628800,472.47999999,463.223,463.9,467.75,49164.7279618,105.28796163,466.95488449
1461715200,469.0,443.0,467.75,443.02499607,105687.34272316,232.56947395,454.43342554
1461801600,451.1,421.91,443.02499607,451.0,57940.84010883,131.70406006,439.93207257
1461888000,484.484,445.0,451.0,455.94999999,34717.63027737,76.21154141,455.54294841
1461974400,456.456,440.01,454.95450011,445.68435605,43524.47236297,97.44669036,446.64905706
1462060800,455.2,442.0272721,445.68435605,446.99655141,20456.72330922,45.49218465,449.67555342
1462147200,451.19999999,425.9,447.4470001,445.0,75384.13459414,170.88944266,441.12809674
1462233600,450.9,440.2,445.00000446,450.858,22492.52913576,50.42562629,446.05354044
1462320000,450.858,444.21390929,447.80000029,449.48999999,6435.24781342,14.37983552,447.51887491
1462406400,451.89,444.54430455,445.0,446.1200002,19991.11077085,44.5570001,448.66375038
1462492800,463.04787573,444.47999995,446.12000071,461.0,30812.34317849,67.78024551,454.59179067
1462579200,461.9999,455.32799997,459.89000015,457.76002301,25239.04319469,54.96595732,459.17590496
1462665600,463.0,455.41,457.76002301,459.0,14279.29329401,31.04076372,460.01746035
1462752000,465.07029999,456.06,459.0,463.226,12764.58349906,27.65507914,461.56380296
1462838400,464.8342,449.48999997,460.50000925,449.5,28709.13615075,62.98709497,455.79393944
1462924800,455.71900601,449.48999997,449.5,450.23617237,20983.73112006,46.41137434,452.12475214
1463011200,455.06,448.09,453.53999998,454.44000449,19977.31893749,44.31427048,450.81006008
1463097600,457.98,450.13,454.44000904,453.37281795,22561.10049539,49.72858601,453.6847376
1463184000,457.75,450.0,453.37281795,455.63002825,27114.7512498,59.7035848,454.15616734
1463270400,463.0,454.26416333,455.63002825,459.15690131,26740.77420649,58.26292273,458.96726345
1463356800,461.979999,450.9,458.0,453.97511699,46775.17480875,102.47215124,456.46718881
1463443200,457.96737983,448.99999999,453.97511699,450.71421308,25510.06815936,56.38590347,452.41925001
1463529600,456.69,443.80092386,453.5,447.98,71102.40400167,157.76221069,450.69350696
1463616000,454.89813585,432.3333,448.13000001,434.36388823,96675.24782168,218.5033574,442.44284834
1463702400,444.44444443,422.0071547,432.35,436.00000437,90187.04589928,207.05787499,435.5644329
1463788800,440.0,418.17508636,436.00000874,435.35569089,53869.10433339,124.8139516,431.59521546
1463875200,450.0,420.0,435.35569088,434.17000002,51438.68178118,117.90630042,436.26745642
1463961600,444.97999999,430.00000001,434.17000002,441.27,31745.6864552,72.50867382,437.81915711
1464048000,449.0,439.5000001,441.2700006,447.93890015,39450.44406213,88.52958773,445.61874819
1464134400,453.35,444.0,446.99,445.26100055,29201.94786133,65.09096018,448.63292507
1464220800,454.95834691,445.0,449.106,452.0,29263.18236875,64.96128459,450.47111604
1464307200,477.85000015,450.76000448,452.0,460.00000005,179049.43162271,382.30964973,468.33615565
1464393600,521.0,461.0,466.00811494,489.0,342700.04829804,691.17019229,495.8258503
1464480000,551.00000005,480.0,491.0,525.20000331,345968.29122804,663.08517372,521.75543194
1464566400,542.43419978,522.0149885,529.8419999,534.5,174162.68789993,327.89399546,531.15546582
1464652800,549.0,510.50000001,537.99999998,529.99999,227226.83487321,429.18501472,529.43795118
1464739200,541.99999999,517.28,529.9999999,535.5,203694.98466838,384.35654924,529.96361079
1464825600,539.83129126,531.78309789,534.4530179,536.8725,75318.74626308,140.70011462,535.31403628
1464912000,579.0,534.52000018,537.0,565.06714367,289992.08168272,518.94095071,558.81518173
1464998400,592.17,560.00000003,565.1171004,574.49999999,263136.44789051,457.0467677,575.73199612
1465084800,583.5,570.0,573.0,577.59999985,79908.90825906,138.47603968,577.05945695
1465171200,586.01,574.06772283,577.01,584.00999998,92130.47835135,158.36248654,581.76958675
1465257600,589.0,560.102,584.00999998,576.0,163525.70310898,282.99521975,577.83910008
1465344000,583.12345678,569.1,578.0,583.12345678,52595.21104132,91.16144796,576.94576181
1465430400,582.46999999,567.62649842,580.00003756,579.96999999,52841.78115776,91.93829262,574.75269174
1465516800,579.99999999,573.0,576.0,579.13,50429.56938489,87.36775788,577.21029597
1465603200,597.0,579.13,579.13,597.0,93658.1857426,158.62078782,590.45341427
1465689600,683.0,594.0,597.0,666.96500001,504576.05826483,790.68967621,638.14676407
1465776000,700.64880369,653.57765611,666.96500001,693.0,716875.95441873,1049.59073721,683.00522194
1465862400,698.9,585.0,691.99999999,674.0,1013464.8695996,1563.54317246,648.1847687
1465948800,697.546,662.33,672.54241495,691.999,375147.26561355,552.39276594,679.13138756
1466035200,774.767,690.50989865,691.999,764.0,1064094.8533995,1440.85467158,738.5164336
1466121600,770.99999999,687.01,764.0,747.0,2372250.7186427,3199.00935543,741.55791842
1466208000,788.899999,705.0,747.00000001,757.89000001,1518681.2809665,2026.11889343,749.55190728
1466294400,775.0,741.019,757.89000001,763.419,622609.84965282,820.01911973,759.26260092
1466380800,767.0,720.1,763.41899999,728.99999999,965227.01347185,1305.18652467,739.53185634
1466467200,727.37099934,639.7,723.0,668.50015,2234073.8425834,3309.32128831,675.08520568
1466553600,700.68280717,580.0,667.909,592.296,1758227.105393,2725.91751711,645.00378105
1466640000,649.0,555.1,592.296,634.67,1827667.6445977,3070.25109265,595.28279265
1466726400,687.48000001,630.50000012,634.67,660.0,1596492.1842475,2407.40093619,663.16007452
1466812800,710.00000001,640.02000001,665.0,663.45016787,953516.81540185,1414.40992374,674.14460221
1466899200,671.86199999,616.3810001,668.693,630.0,513858.37816416,805.81397612,637.68858991
1466985600,656.66666666,621.01,630.0,656.66666666,360764.61106568,562.70072908,641.13052004
1467072000,661.19993856,638.0,656.66666666,649.48524687,482132.01022492,745.39112278,646.81748345
1467158400,648.62251249,616.6,648.43799993,637.5,401964.62064057,634.69195055,633.32238622
1467244800,683.22,633.00000001,637.34850013,675.50000002,575967.80298964,865.93295366,665.1413375
1467331200,690.32099999,666.7459996,671.0,677.0,484663.10209184,715.84117518,677.05395958
1467417600,707.06764424,674.0,674.89989999,705.0,318780.03916881,459.62762277,693.56153411
1467504000,706.99,641.51,705.0,657.28399283,563630.90353567,841.62281802,669.69536883
1467590400,681.99999999,635.0,661.00437,677.30000001,690804.38955522,1043.23028367,662.17823654
1467676800,681.99999999,660.0,681.79999999,669.41998679,378608.23601473,565.40313393,669.62528732
1467763200,680.63300012,665.00300536,665.00300536,677.0,224417.56576945,333.98279785,671.94348695
1467849600,680.6,594.0,676.07599998,638.6,1068913.7977128,1697.16892043,629.82169001
1467936000,667.00000001,634.2,638.601,667.00000001,538638.54894403,824.81441151,653.04211641
1468022400,669.65,623.0,665.001,651.99999989,593459.47623218,916.99306359,647.17989676
1468108800,652.0,638.0,651.99999991,648.53100024,169653.32029482,262.45098476,646.41906544
1468195200,664.48,645.0131,650.0,648.02000649,366451.59615726,560.19893727,654.14546829
1468281600,678.0,645.0,648.02000649,666.66666666,321271.44365402,483.52709452,664.43317715
1468368000,672.06099999,654.0,666.66666702,657.24999998,207745.44389853,313.05464546,663.60760624
1468454400,669.9,651.0,655.24999998,659.50978497,218290.45754725,330.57023745,660.34516365
1468540800,677.98,658.0,659.51,665.96077199,198798.39342965,297.5036666,668.22165824
1468627200,672.8,659.95,668.39999987,667.47426499,148182.88447273,222.13474063,667.08558982
1468713600,690.0,664.00000051,666.57426402,685.0,162614.5747232,239.09733696,680.1187198
1468800000,686.68699479,668.325,685.0,676.953,375811.84732583,552.53154645,680.16360285
1468886400,677.90999481,667.90000001,676.953,676.49999989,240125.97655618,356.91403712,672.78378427
1468972800,677.41999477,661.55500001,676.33999481,667.23788745,178461.82072876,266.79049261,668.92121598
1469059200,669.00298217,659.86262502,666.1200052,663.98300519,117382.71862675,176.52830507,664.95125855
1469145600,670.0,641.30499564,664.01000519,646.75499481,376350.814651,575.18219186,654.3158324
1469232000,658.21735,644.1210053,647.595,656.6399948,181302.3808553,277.61680107,653.06703397
1469318400,667.09096814,651.0,654.0,664.49999833,402297.46062976,611.15392551,658.25881801
1469404800,664.99999999,650.37997536,664.99999999,653.0,178546.50988444,271.77073578,656.97474517
1469491200,662.01070364,639.51,653.0,655.08851717,660817.33277904,1012.48040229,652.67172706
1469577600,661.000009,642.0,651.66600519,657.99999999,234900.37798894,360.24212884,652.06248571
1469664000,659.5,654.00000013,656.30001,656.34100519,44842.00640919,68.12092341,658.27067756
1469750400,661.94,653.56999481,658.1,657.99001516,98827.36706817,150.05783738,658.59517099
1469836800,661.21999466,652.001,661.21999466,656.42000519,83940.54391403,127.84586698,656.5761248
1469923200,656.74701,616.88400325,656.42000519,624.84499481,518136.66642903,819.67132779,632.12735258
1470009600,630.04001521,602.07155041,621.11001143,610.04999481,967261.73222139,1569.86925935,616.14158405
1470096000,616.7439333,462.94999479,605.01000519,531.60000008,3248971.6025291,5789.94801714,561.14002973
1470182400,590.0,511.073869,531.60000008,566.18900527,2149258.2379152,3918.62275951,548.47286146
1470268800,595.34100603,566.22900523,566.22900523,581.04100001,1041142.548837,1793.3872692,580.54529923
1470355200,584.97999998,569.000031,581.04101016,574.75600001,312077.75230956,543.05066428,574.6752059
1470441600,592.001,563.001,574.99999999,582.53300002,524834.19440544,912.93252935,574.88826121
1470528000,625.0,584.86400001,586.31999465,602.00004615,704568.22283066,1176.3525672,598.9430741
1470614400,613.34653466,591.78361695,602.00005616,597.99999899,348890.6146654,583.29438035,598.13813816
1470700800,625.29967988,586.0000005,597.99999898,602.00001069,864945.24066901,1435.87725588,602.38104415
1470787200,619.0,590.00000001,602.00001067,594.68600519,722794.02353432,1193.25658195,605.73227457
1470873600,605.51249999,585.03,597.88499477,589.24000523,576238.32334481,968.8622086,594.75776661
1470960000,603.21,582.6286338,589.01000077,587.04601803,439698.10930945,745.78821991,589.57502622
1471046400,592.01916177,583.1,587.04601803,583.53000526,180267.94500036,306.96196543,587.26476014
1471132800,585.60598364,561.0001,585.60598364,567.998863,611289.63355801,1069.31334625,571.66557931
1471219200,598.875,561.01000001,567.998863,565.7999886,429359.66774121,752.80530171,570.34623263
1471305600,583.88999998,561.97999991,563.72220595,576.52023523,358097.22303074,623.16977288,574.63830662
1471392000,580.0,566.0,576.52023522,574.85998412,266777.14028508,466.28065546,572.13855466
1471478400,578.201,566.0,572.28900521,576.4709936,240698.904387,419.82414975,573.33267876
1471564800,576.97628147,562.98575308,575.72953481,575.99006035,206821.74982274,361.28474151,572.46190071
1471651200,584.0510751,570.31156601,575.00000111,581.99999999,204748.51369479,353.69837601,578.87886284
1471737600,585.05,580.20000001,581.99999999,580.87500552,104998.96939323,180.00188506,583.32149887
1471824000,594.98999999,578.0,580.87500552,588.38599481,499539.89856771,850.02600646,587.67601787
1471910400,595.0,580.1,585.26300519,585.03999477,510550.87039172,871.52429138,585.8137007
1471996800,589.81064312,578.50000001,585.03999477,583.0,247364.41754043,424.07547637,583.30281123
1472083200,582.9899867,572.99999999,580.38000747,575.78999591,275660.25270053,478.64582524,575.91696859
1472169600,585.92252841,574.05000008,575.00000122,578.97999795,277381.46506157,480.00829163,577.86806998
1472256000,578.97999786,565.00000002,577.70001024,572.35799479,294008.561742,514.86755849,571.03726364
1472342400,577.71735618,562.98575308,571.89799481,574.1719607,614303.30420393,1075.11388176,571.38440366
1472428800,589.0,570.6650052,574.17196075,573.6960052,879169.92209996,1526.1620912,576.06588918
1472515200,584.31999999,572.42180328,576.79999407,579.96000001,334361.12129914,578.27809345,578.20125833
1472601600,581.83825636,572.02874947,581.17,573.81003125,338189.67664701,586.90744893,576.2231801
1472688000,577.57754404,570.16069518,573.81003398,574.34090776,369562.63090024,644.05593951,573.80517472
1472774400,598.61000177,570.0,574.34090776,576.01000003,570336.41129238,989.52248879,576.37539091
1472860800,614.99799999,560.33,578.22741293,610.41999481,1252396.3845254,2140.82335192,585.00687756
1472947200,620.0,600.0,608.00000045,610.65,664441.5109972,1087.86456275,610.77594927
1473033600,615.0,603.30830002,613.45999479,610.10000541,665842.37937781,1093.86838666,608.70428974
1473120000,616.9,608.0,611.41062641,614.74713894,421109.8418378,686.73928561,613.20191033
1473206400,623.9,609.726108,615.85017282,619.72886368,591237.2764883,957.01044626,617.79605311
1473292800,635.6916378,615.33010519,619.02213382,634.26777916,409016.24861557,651.34907126,627.95245539
1473379200,634.8999947,621.1,632.34000001,627.00000002,297066.86814298,474.77553379,625.69961381
1473465600,630.0,623.30000021,627.00000002,627.99998771,118418.74856049,188.75011188,627.38372645
1473552000,635.95,591.66395154,627.99998771,610.51369403,526386.42356186,853.29580007,616.88622341
1473638400,618.0,607.43117447,610.51369335,611.99999999,374215.31610929,611.68300787,611.7798129
1473724800,620.6,608.4,611.99999999,614.00100015,447833.11665427,728.94323555,614.3593833
1473811200,618.30045086,612.55,614.00100015,615.59957393,227947.75185436,370.12343326,615.86954883
1473897600,616.62578322,609.0,613.10901111,612.6,322701.37031769,526.18654014,613.28320985
1473984000,614.48979942,608.0,612.6,608.47603904,232030.92939536,379.61371935,611.22904038
1474070400,612.01975329,605.99999359,610.46602794,608.99999997,127673.80353956,209.73924066,608.72635534
1474156800,617.47,606.89544201,608.99999999,612.35478011,185760.76909168,303.05495554,612.96067164
1474243200,614.71983807,608.12198402,613.99999484,609.00000008,180273.75970092,294.70989486,611.69903978
1474329600,616.98079117,603.0,609.00000001,603.0,493177.6361842,807.33766498,610.86910418
1474416000,605.50918039,593.2,603.0,597.49999999,409252.44123803,683.74264976,598.54748183
1474502400,600.0,595.02200012,597.49999999,597.15000008,258328.09971823,432.29364731,597.57551684
1474588800,605.31364962,596.1489746,597.15000008,604.1449957,366227.04318889,609.59644794,600.76964757
1474675200,608.0,602.0,604.1449957,603.79999964,135880.1672356,224.47541298,605.32316404
1474761600,605.0,598.68232627,603.02468725,601.89673437,89145.62463227,148.247415,601.33004432
1474848000,610.0,600.34170207,601.49999997,607.80651197,197249.52357375,325.32903917,606.3077679
1474934400,610.94593703,603.02469015,609.99999589,606.04401133,175943.48845669,289.62300686,607.49140879
1475020800,607.24597648,603.17306638,606.61782325,604.20000002,104636.81827439,172.92464119,605.10068174
1475107200,608.7,604.2,604.20000002,607.39999791,109545.96595032,180.60552769,606.54824551
1475193600,612.0,605.00050011,607.26333193,611.5050501,136738.12111239,225.22352949,607.12182879
1475280000,616.99999999,610.90421062,611.50505008,613.62569006,178032.64097111,289.41726708,615.141739
1475366400,615.66734371,607.50050313,615.32319552,611.66651183,127511.5105981,208.78501221,610.73114994
1475452800,614.85,609.17596586,611.34805554,612.99999628,152064.09267578,248.47801404,611.98208325
1475539200,613.78464703,608.58724194,611.44150158,612.26038093,135190.05309981,221.1622791,611.27084442
1475625600,616.99999999,608.58704168,612.26038076,613.05897033,295410.21837351,481.57551907,613.42449247
1475712000,616.35952319,611.51469128,613.05897033,614.00957436,210280.96484423,342.5097115,613.94161328
1475798400,621.88716005,611.2,612.20060007,617.53312308,157596.36290983,255.13995928,617.68592953
1475884800,623.72135462,617.00000001,619.86992,620.49000058,154673.92444533,249.38985092,620.2093785
1475971200,621.32345625,615.5562341,621.29999998,617.00000001,144299.04030983,233.38228254,618.29475116
1476057600,621.329,615.55726872,617.1,618.75470275,164969.39432048,266.54652913,618.91405924
1476144000,643.5,618.25000002,619.99996996,642.96999999,615160.31910817,967.40268561,635.88857903
1476230400,643.99999999,635.1,640.11000232,636.00050012,224711.81617849,351.83647695,638.68254402
1476316800,642.65,635.20012345,636.0103,639.37842931,146657.17331893,229.44503537,639.18216004
1476403200,642.7128,635.76290167,639.15772223,640.0,114740.43466096,179.25184835,640.10740038
1476489600,646.0,639.0,639.999999,640.99999999,107106.06479872,166.68728429,642.55690081
1476576000,646.6,639.75980949,640.99999999,644.4626621,157178.59768438,244.13720205,643.81256262
1476662400,646.6,639.000001,642.27598394,640.60279395,531398.45134324,825.94893358,643.37930559
1476748800,641.99999998,631.80876656,640.59878151,637.0,120703.9519177,189.1108184,638.27100394
1476835200,641.94485909,626.05,637.0,632.53240637,231553.26171886,365.85051912,632.91767981
1476921600,636.18943575,626.91,631.97998091,633.64964643,102001.98492524,161.57263779,631.30729509
1477008000,637.16989999,630.48413396,633.64703413,632.88658111,67531.88181105,106.40168064,634.68811211
1477094400,670.87468175,632.56031148,633.6,663.0,396924.45344407,602.04565997,659.29294044
1477180800,669.02920717,655.01000003,662.70484868,658.0,216651.44499727,327.0659407,662.40906813
1477267200,659.37826053,653.0,658.0,655.6,75592.35476123,115.26715532,655.80133865
1477353600,666.0,652.96513003,655.00000001,658.48960538,233041.77911723,353.11181419,659.96596475
1477440000,685.58889338,658.01810158,660.80550202,677.75246256,407044.62690663,606.17303555,671.4990655
1477526400,689.0,675.1,677.75246256,688.90999999,415024.86753744,607.77701844,682.85712513
1477612800,695.0,683.27333681,688.37474674,692.69796292,465447.39862917,675.20471531,689.3426365
1477699200,724.5360206,691.23743598,692.39331469,713.14687271,1027083.2714664,1447.85408867,709.38313432
1477785600,716.21000062,695.14000258,713.15687271,702.10000142,682354.9917384,966.35236995,706.11405627
1477872000,712.03122342,688.0,702.10000141,702.70116079,611620.33793933,872.53756489,700.96734232
1477958400,744.60000001,700.0,702.7011555,734.96999879,1075941.3457445,1474.37313888,729.76190176
1478044800,748.9,723.86556408,734.88999996,747.79999999,495284.05693187,677.05041089,731.53202326
1478131200,751.002387,674.1323,747.8,690.777557,1514572.967766,2129.0252808,711.39266472
1478217600,712.83600687,684.44742857,690.777557,708.73999977,449322.54825664,642.57443625,699.25369406
1478304000,711.8,700.0,705.54914936,709.02999479,255763.89081467,361.89662102,706.7319117
1478390400,721.90579101,701.35,708.99999947,712.37936,420875.97907032,590.37049248,712.90144821
1478476800,714.99999751,698.91028213,712.37935984,705.453,264740.29015671,375.16801268,705.65794846
1478563200,716.0,702.68039594,705.478,713.1480179,381995.64864273,537.60422529,710.55179753
1478649600,743.12345678,709.42981963,713.1480179,723.49652225,1091849.5342245,1496.67035717,729.51904806
1478736000,727.07499999,710.01,724.9999457,716.89999719,328712.59789478,458.50487954,716.92279092
1478822400,722.85815314,709.60421896,716.89999659,718.70645592,316613.37604502,441.35604731,717.36498904
1478908800,720.0,699.07659926,718.70645592,705.0429297,310152.97434131,438.12680476,707.90686844
1478995200,706.99999041,681.7228,705.0429297,700.10507388,548329.64844762,789.79110255,694.27174689
1479081600,710.73657611,695.0,702.23999999,707.35,253720.71418093,360.13639035,704.5128484
1479168000,717.90021102,705.42398115,705.46838108,710.3,221195.89030656,310.48597246,712.41830525
1479254400,751.002387,709.05,713.0,743.42655325,777829.39066716,1058.45145533,734.8748842
1479340800,757.00695209,735.0,743.43000001,739.5,615579.43548796,824.91851001,746.23060098
1479427200,755.0,734.1,739.5,752.2,316235.07363038,423.4293858,746.84252967
1479513600,759.0,740.0,752.2,750.92000083,235718.4358395,313.3885995,752.16021328
1479600000,757.0,715.65000002,750.92000083,732.00000001,518551.70084572,704.18108,736.38970937
1479686400,742.68668396,730.0,733.97639343,738.60300615,128153.50962135,173.77797354,737.45542666
1479772800,751.0,731.58575284,740.0,748.17379309,357743.61596903,481.77035886,742.5604531
1479859200,751.0,731.00000001,749.99999942,739.31710591,336861.3973458,454.698672,740.84535119
1479945600,745.00766316,728.28980075,742.35948016,737.70763551,332450.55241014,451.65488261,736.0720878
1480032000,740.2053982,731.000002,737.70763551,740.2053982,205491.77469241,279.01155004,736.4991688
1480118400,743.0,722.11138261,740.2053982,733.5,220043.15958653,300.32947959,732.6725298
1480204800,738.020211,727.00000001,733.0331055,729.72890417,150402.29921818,205.1016707,733.30606574
1480291200,735.83998546,727.5,727.50000001,731.31003027,115833.08435189,158.17380291,732.3152268
1480377600,735.35,728.1044379,732.03938313,731.2,183662.22804274,250.84377181,732.17774839
1480464000,745.17857021,727.89328149,730.41813611,738.5,247364.19801423,335.31664243,737.70331296
1480550400,755.0,738.91291171,741.65669308,755.0,298924.97925776,398.83877519,749.48825904
1480636800,782.43814906,753.35383601,755.0,775.72553148,681502.6531367,886.31828537,768.91412981
1480723200,776.77583641,756.77694722,775.72553148,764.25973783,215171.17470712,280.95427717,765.85833422
1480809600,772.5,761.97280902,767.51537252,771.79799933,147413.03580885,191.94113753,768.01168163
1480896000,772.963,747.0,771.79799904,753.3400001,552583.81949421,730.85653245,756.07700685
1480982400,763.51700987,748.87310374,753.49999593,758.21022346,659929.99765167,871.67827635,757.07977995
1481068800,770.5,753.0,757.81649032,766.08939045,307676.74539652,403.45462994,762.60556346
1481155200,773.0,760.0,766.06890174,768.52004359,179679.54892006,233.94540474,768.04051406
1481241600,774.0,765.59723565,767.50000008,769.22,131317.73087181,170.39039999,770.68737956
1481328000,776.0,769.1741091,771.95860026,774.97999209,116041.50607748,150.14004625,772.88843966
1481414400,774.97999993,753.25670245,773.5,768.0,321391.5481194,420.63638434,764.06026697
1481500800,780.0,767.47912171,768.0,779.09999996,272349.94501553,351.40013836,775.04222476
1481587200,786.70933342,766.52,778.88888888,776.60000001,288850.61484197,370.81657267,778.95821311
1481673600,781.99800122,773.19018763,776.60000001,777.0,159777.67044361,205.38581532,777.93916875
1481760000,781.99800089,776.00001001,778.33748831,777.00427907,106829.10901279,137.18435196,778.72663672
1481846400,784.7850419,774.0,777.00427907,782.32000001,131496.90174501,168.71410359,779.4066942
1481932800,794.12969878,781.36038303,782.32000001,794.12969577,206571.50523606,261.77228099,789.12673433
1482019200,795.0,785.50168337,794.12969576,789.30083165,126332.60814694,160.1156845,789.0083257
1482105600,794.999999,786.0,789.5,793.17870645,180525.45908135,228.15702949,791.23338643
1482192000,804.03440219,789.49985085,792.78692173,801.99499865,281043.61953672,353.14959194,795.8203151
1482278400,829.99626099,796.91935265,800.07815395,828.99,531600.06039932,650.08937127,817.73381306
1482364800,869.0,826.224,828.99,860.79999999,784872.18662461,921.47210442,851.75903085
1482451200,920.0,841.89484999,860.49999999,918.90561655,1787126.8542354,2002.5328261,892.43323801
1482537600,918.90561637,880.0,917.00000009,893.60966646,828606.1838204,923.63274762,897.11650648
1482624000,899.48946432,850.88369341,893.54640164,896.35444823,1391652.2947241,1590.47987163,874.98893858
1482710400,916.48999999,886.3237195,895.99,902.0,807680.43774602,893.72896465,903.71966188
1482796800,939.98603,899.28789852,904.35,933.9368203,1161298.0387156,1251.51091696,927.91682675
1482883200,984.49999999,932.52200217,933.99289512,980.5,1697988.8175672,1765.90961499,961.53778378
1482969600,983.53352975,950.48662063,980.24135135,974.75099999,1397035.0881137,1441.84442116,968.92221352
1483056000,977.0,925.4,971.10000019,958.94500534,1526415.6804604,1608.27541316,949.10092386
1483142400,967.51,946.0,958.94500534,966.17368384,408137.76637232,427.24617821,955.27540604
1483228800,1008.54999326,957.02,965.00000055,999.36463982,1196868.2615889,1207.33863593,991.32772361
1483315200,1034.32896003,994.00000044,999.92218873,1019.00000076,1847781.3863449,1818.58703006,1016.0533182
1483401600,1042.02336482,1010.0,1019.00000076,1037.1,1367241.145063,1337.77121326,1022.02912688
1483488000,1148.0,1035.9006986,1037.1,1136.0,4139509.1591641,3778.22776354,1095.6219207
1483574400,1159.103,882.01,1134.10000001,998.8,9624745.136866,9567.93438544,1005.93761925
1483660800,1024.88,870.0,998.8,896.0,5718737.7427937,6225.01903437,918.66992072
1483747200,910.8275191,818.45971802,896.0,907.19047915,4446078.05007,5134.10070398,865.98964578
1483833600,939.65955395,891.1,907.0,916.0,2712345.5780679,2954.8408452,917.93288375
1483920000,916.41833046,880.0,916.41832969,902.0,1561326.5181909,1743.42476903,895.55141462
1484006400,915.83230945,898.0,903.00000001,907.1,783912.57744492,862.98518534,908.37315722
1484092800,927.82810365,751.0,907.92945179,781.81160101,6522541.3315688,7934.39754847,822.05880052
1484179200,832.87989967,752.0102,781.85160104,803.6952791,3077949.3504498,3910.82414915,787.03343158
1484265600,830.59290797,776.02899497,805.00000361,826.0,2009714.1107619,2488.40324743,807.63200772
1484352000,836.04000001,801.97500223,827.0,817.47703098,1110991.2121731,1348.38778314,823.94043172
1484438400,823.498,805.0,817.47703099,818.7012449,732380.16398741,899.25918519,814.42611434
1484524800,834.15680536,816.0,818.762,829.00000001,643792.21530256,779.12020498,826.30666126
1484611200,908.53017772,827.75970935,829.00000001,902.70000066,2679383.2936977,3037.14221337,882.20541069
1484697600,912.0,850.0,902.27579339,886.20000033,1959863.3497482,2225.51448717,880.63383143
1484784000,906.999999,883.3,886.20000054,900.23240036,1219112.3879597,1361.92585351,895.13858982
1484870400,902.42999999,882.5432,900.30000001,895.0,841765.1320593,940.82405676,894.71046792
1484956800,928.51849391,894.00000001,895.09971139,925.70599998,1397883.9921076,1522.35825273,918.2358946
1485043200,939.06071045,894.10010012,925.70599998,924.11939955,1567170.0554924,1706.43442891,918.38867579
1485129600,927.2351,912.22165,923.99,912.22165,1425305.1990417,1550.69061842,919.14220806
1485216000,923.0,884.281,912.22165,885.00000008,2149635.0546418,2382.92736589,902.098438
1485302400,899.99,882.08,885.10000044,892.66777263,948855.91472975,1064.25663454,891.56683072
1485388800,918.0,892.66777263,892.66777263,914.09767069,997564.75311133,1099.56863718,907.23281783
1485475200,921.65,907.8,916.00000001,917.02745093,781208.90448862,852.67093534,916.19037557
1485561600,926.0,909.9873,917.43677492,918.58600386,828333.82823408,900.64556252,919.71121904
1485648000,923.0,911.86040584,918.99000001,914.9998,372564.31351804,406.00077708,917.64433604
1485734400,920.0,911.16052226,913.0,918.0,327532.95255875,357.18802099,916.97630746
1485820800,970.0,916.75,919.1191873,967.12176383,1647534.6170477,1740.49804278,946.58803201
1485907200,986.0,955.4,967.75582245,983.0,1644502.3348428,1700.02729787,967.3387815
1485993600,1009.999999,968.2776983,983.0,1007.99699708,2242695.7436829,2253.14242214,995.36350727
1486080000,1023.0,989.0,1007.99699708,1015.04315425,1960600.2894197,1947.59662894,1006.67677294
1486166400,1040.0,1002.23999999,1015.87273408,1032.95,1587073.4294643,1550.46454947,1023.61155565
1486252800,1034.0,999.0,1033.0,1010.0,1448222.4411524,1426.32188471,1015.35456805
1486339200,1025.0,1007.30000001,1008.57261956,1021.20000021,560751.24025699,550.63749243,1018.36734324
1486425600,1055.29399983,1020.60000001,1022.69999279,1052.00000003,1102651.502685,1056.14827224,1044.03096768
1486512000,1069.06999999,1015.0,1052.00000003,1050.98999999,2142753.4290729,2055.26844068,1042.56621016
1486598400,1077.99999998,898.18028762,1050.6,987.00000001,6958597.5427829,7100.03482906,980.07935317
1486684800,1004.99,901.99999995,988.23458713,995.29110341,2487858.5801233,2557.24419392,972.86703633
1486771200,1010.0,984.1,994.0,1000.50000023,1135899.4264698,1136.5816038,999.39979907
1486857600,1005.0,991.57565803,1000.50000023,996.50000001,621557.99590675,621.74448496,999.70005515
1486944000,1004.20000001,975.85416898,996.50000001,995.11000001,857268.01021427,865.49527485,990.49415418
1487030400,1019.0,988.91109699,995.11,1012.10000524,1207110.3803025,1198.54234738,1007.14871104
1487116800,1018.0,1002.32721451,1011.19293063,1014.83589839,680988.27254322,674.17299834,1010.10908805
1487203200,1045.0,1011.6,1011.6,1039.49925987,964262.69031022,934.66209822,1031.66983249
1487289600,1063.58,1035.00000001,1039.49925949,1053.67070767,1311452.8862116,1247.8330214,1050.98427731
1487376000,1070.0,1051.11500341,1055.11944577,1057.7862231,919652.58777619,863.59005814,1064.9179887
1487462400,1066.19785215,1045.00000001,1059.219,1058.17262239,707934.47204595,670.68798723,1055.53474271
1487548800,1095.0,1040.00755062,1058.08301527,1094.71027735,1387040.9288178,1302.62813183,1064.80191462
1487635200,1133.55363963,1083.333,1092.24051989,1127.0,2656343.1489539,2402.6066097,1105.60885757
1487721600,1138.9786543,1108.55,1126.99999999,1126.0,1182696.1070597,1051.74868712,1124.50447672
1487808000,1195.0,1120.0,1126.49999999,1188.0,1936980.772604,1672.24795974,1158.30954453
1487894400,1225.0,1107.51,1186.16100001,1188.11048987,7018124.0659106,5970.28798757,1175.50846467
1487980800,1191.116,1129.0,1188.11048987,1153.0,2634468.543102,2273.42629508,1158.80974404
1488067200,1189.0,1134.0,1153.0,1179.0,1216121.1929504,1040.93826679,1168.29329053
1488153600,1199.0,1171.37648778,1179.0,1192.2,1453567.9543164,1224.77468844,1186.80437147
1488240000,1208.092,1178.11,1196.48999991,1185.00000201,2167634.1192595,1818.14036259,1192.22594903
1488326400,1234.48999999,1183.0000001,1188.04216581,1234.0,3283736.1922137,2703.65627659,1214.55386938
1488412800,1279.50000001,1212.26243937,1231.17972735,1258.43,5983817.1276341,4799.13259462,1246.85388654
1488499200,1294.97999998,1252.50000002,1258.45,1287.95000001,4588433.685983,3597.79249619,1275.34694978
1488585600,1291.53675867,1235.0,1287.00000002,1267.99999982,3571027.4701457,2826.99209301,1263.18976235
1488672000,1280.0,1241.0899,1261.30000071,1276.00290001,2335489.4368149,1848.81702453,1263.23449309
1488758400,1287.0,1267.75010435,1279.87999997,1274.3162846,1890269.727893,1478.48495886,1278.51806443
1488844800,1282.0,1169.05515973,1274.69300001,1231.26,6024888.0375216,4895.53802606,1230.68966177
1488931200,1243.64892872,1143.00000021,1231.250001,1146.00000025,6603168.4357802,5567.3610132,1186.04998312
1489017600,1210.0,1135.0,1146.40800021,1192.91479877,5097344.1165313,4328.40339445,1177.64996743
1489104000,1365.0,1000.0,1192.91479876,1113.0,18086024.287537,15499.51578906,1166.87672916
1489190400,1200.00000001,1105.0,1109.99999989,1175.00999951,7782516.5421708,6674.53949104,1166.00052372
1489276800,1232.3,1166.72254864,1174.0,1224.4,5703290.3993873,4756.8395843,1198.9663091
1489363200,1249.00000004,1171.0,1224.4,1237.0,8987304.3675635,7321.33073175,1227.55065941
1489449600,1260.0,1220.5,1236.99999999,1243.22313985,4361732.4270018,3513.58428064,1241.39114892
1489536000,1267.51000001,1241.58999971,1247.94999989,1255.0099998,5010240.605003,4005.00351838,1250.99530674
1489622400,1265.20000004,1119.31,1255.1099998,1166.0,14513281.784091,12126.03075227,1196.86994702
1489708800,1173.99999969,1052.0,1166.0,1070.0,17732666.664374,15941.24577772,1112.37646741
1489795200,1095.07999999,935.0,1070.0,966.00000029,20086872.733984,19991.051024,1004.79323022
1489881600,1063.456,965.00000003,971.29066,1015.1,12207329.511626,12050.74329652,1012.99390512
1489968000,1053.49999998,1010.0,1014.0,1036.88000006,5606782.1918047,5417.55364473,1034.92878141
1490054400,1123.4,1034.0,1036.88000006,1117.97999765,9763917.2938416,8977.94194729,1087.54515802
1490140800,1118.0,986.22000007,1117.97999764,1037.69999999,11601986.923637,11129.43293247,1042.45984445
1490227200,1057.006,1002.52000002,1034.82316026,1034.99999987,5107689.1201645,4921.86660961,1037.7544792
1490313600,1037.50588201,930.1,1034.99999983,942.51000039,13381400.049497,13665.09513551,979.23943571
1490400000,980.08958297,888.98999998,946.79999997,971.95083163,13539527.463583,14511.42726562,933.02520942
1490486400,1008.49999999,948.42378187,971.95083163,963.04740785,8418519.6536257,8623.20783385,976.26310484
1490572800,1046.52104237,957.673528,966.99999999,1040.25000001,9665623.1186773,9542.79751511,1012.8710269
1490659200,1066.0,1015.5,1042.70581575,1042.34645781,7787918.0691067,7460.12537819,1043.93930052
1490745600,1057.98,1008.0,1042.0,1040.0,6149111.6021545,5946.86694366,1034.00860661
1490832000,1053.29999995,1022.0,1040.0,1040.59908959,7528565.3023409,7270.61752548,1035.47811117
1490918400,1095.0,1036.79880654,1040.59908959,1081.36295113,10672163.567536,10072.7394047,1059.50954737
1491004800,1107.11526922,1069.00000101,1078.15705958,1095.87488705,6334579.8717233,5824.83344363,1087.51261869
1491091200,1140.0,1075.0,1095.0,1106.63248382,17178718.541374,15633.8080686,1098.81856461
1491177600,1161.0,1101.01,1107.797979,1151.2102033,17393398.7283,15273.96368913,1138.76129878
1491264000,1164.43609029,1122.38204087,1151.2102033,1143.90818147,10546892.970701,9217.25836932,1144.25489099
1491350400,1147.88568475,1113.49769376,1143.90818147,1139.99999994,10383414.545307,9199.821243,1128.65394566
1491436800,1220.0,1137.23976888,1137.2656011,1193.92000001,14807549.44844,12557.3680464,1179.19212001
1491523200,1208.0,1176.52610038,1194.11636853,1197.58999997,9709020.7560589,8133.25771008,1193.74315952
1491609600,1207.76999999,1172.40000002,1197.58999997,1189.68903824,5942459.3575465,4993.32304961,1190.08109399
1491696000,1227.32926696,1180.00000002,1189.68903823,1216.54157433,7033619.5967046,5837.22744036,1204.95897556
1491782400,1228.99999993,1202.0,1216.54157429,1219.49999999,4710062.2081547,3866.97237504,1218.02323661
1491868800,1246.17325885,1205.98,1219.54999997,1235.99999901,4563138.8670314,3725.2829572,1224.91067643
1491955200,1240.24999996,1220.57,1235.3121445,1227.00000044,6514305.7260039,5301.9662533,1228.65846646
1492041600,1240.0,1160.99998944,1227.00000035,1186.00000004,9560771.8801522,7992.83585865,1196.1676743
1492128000,1221.73333333,1183.98989962,1188.98989872,1207.5051791,5774865.9823952,4800.06173687,1203.08160581
1492214400,1218.0,1185.99999959,1207.5051791,1194.54959853,4947169.9788501,4104.21789704,1205.38677598
1492300800,1217.00000001,1190.00000009,1193.94839339,1212.5,3253026.4592128,2691.61774504,1208.57668783
1492387200,1240.48624047,1205.26,1212.56,1238.99999999,7497021.9530006,6124.05300205,1224.19285895
1492473600,1279.99999999,1236.50000223,1238.99999999,1268.04810031,9455075.6645271,7500.09328047,1260.66107592
1492560000,1293.0,1257.00000001,1265.0,1262.88999999,6540119.5128344,5163.50041313,1266.60578862
1492646400,1328.0,1260.0,1262.89,1306.65000023,8629088.8722415,6683.05788018,1291.18870836
1492732800,1334.99999999,1305.55,1306.65000023,1328.0,6823843.60854,5175.24681011,1318.55423691
1492819200,1349.0,1291.63403611,1328.0,1346.0,6871016.032421,5207.99741996,1319.32016826
1492905600,1366.9,1336.33991796,1345.3667575,1352.19356875,7462767.432938,5537.5988081,1347.65404493
1492992000,1357.76054805,1325.95555477,1352.19356875,1347.39901051,7107234.2429539,5294.38259921,1342.41039625
1493078400,1380.81459654,1341.0960042,1346.86288997,1371.30000001,6630005.3390622,4876.41783008,1359.60567163
1493164800,1412.93003847,1364.65264554,1372.98,1398.62832429,8147237.9505366,5857.68188701,1390.86384472
1493251200,1448.88882222,1390.00000009,1398.62832429,1439.38101398,9877013.957389,6953.12883897,1420.5135826
1493337600,1450.0,1369.54757195,1439.38101398,1413.29999998,12034818.981516,8545.89155839,1408.25786277
1493424000,1438.0,1404.1203479,1413.29999997,1424.63835519,11151114.554715,7861.70106246,1418.40989197
1493510400,1442.75347154,1402.0,1424.63835515,1435.08977391,9521701.9646241,6694.79524991,1422.25439452
1493596800,1585.16,1429.01149368,1435.08977389,1529.99999999,20038395.802244,13412.00859184,1494.0637463
1493683200,1615.02380427,1510.0,1529.99999999,1561.907,11571053.71835,7422.17146827,1558.98496387
1493769600,1628.88882222,1545.30940914,1562.14433334,1615.62000002,15060856.611379,9510.43168964,1583.61440393
1493856000,1699.13,1515.0,1615.62,1603.89857162,26329240.648002,16308.05491792,1614.49300854
1493942400,1663.9717299,1454.12233181,1603.89857162,1543.4,32397184.731807,20371.31886167,1590.33320089
1494028800,1629.48,1540.34490983,1543.40000001,1598.2058167,21397848.989857,13521.52198936,1582.50299091
1494115200,1657.0,1568.0,1598.2058167,1620.15,30423501.191191,19051.15440815,1596.93741068
1494201600,1723.99999999,1609.99000001,1621.99999994,1705.6743542,35687457.648562,21428.80773893,1665.39632458
1494288000,1813.8000001,1690.09940342,1705.6743542,1758.51393978,31031382.589537,17657.7834923,1757.37700052
1494374400,1816.38960565,1705.1,1758.89751477,1799.99999997,19590186.244489,11064.34365869,1770.56921303
1494460800,1900.99899995,1757.41238003,1799.99999997,1860.10327257,23108792.967502,12497.83636284,1849.02348667
1494547200,1876.88899399,1704.0,1857.5438325,1735.70623556,22671159.462042,12647.81643398,1792.49592847
1494633600,1828.56892521,1651.95470847,1735.70623556,1822.18209573,15487324.079017,8946.70591635,1731.06439664
1494720000,1855.0,1776.777,1822.18209573,1826.0,11894862.005852,6537.96045898,1819.35361654
1494806400,1835.0,1720.0,1821.00000004,1771.09832331,17995978.976383,10205.64188977,1763.33631639
1494892800,1799.99,1719.0,1774.4785105,1787.00000024,20535506.520349,11641.71334021,1763.95912871
1494979200,1897.9,1770.13994165,1790.98999949,1872.99999994,25413098.858037,13764.56270894,1846.26997569
1495065600,1948.0,1852.28556046,1872.99999999,1942.14469914,18368974.30046,9691.52645629,1895.36440758
1495152000,1994.0,1925.99999996,1942.2612287,1966.99999984,21303398.31478,10851.22736721,1963.22476655
1495238400,2075.51461898,1959.94713601,1966.9999998,2074.60645908,18428479.181757,9191.44067801,2004.96090083
1495324800,2099.99999999,1985.0,2073.0,2030.99999999,19641402.589295,9596.26451457,2046.77586361
1495411200,2229.19999997,1975.19120351,2030.99999996,2090.00000006,32492458.446294,15340.73041979,2118.05158927
1495497600,2245.0,2065.0,2092.00000003,2244.89495691,23111448.180548,10643.57533546,2171.39893805
1495584000,2447.99999999,2220.0,2244.0,2389.00000017,34548265.730881,14867.8601337,2323.68783538
1495670400,2698.36062429,2075.05493865,2389.0000002,2210.0,71553361.438062,29913.10205027,2392.04082939
1495756800,2484.45555317,1928.0,2210.0,2130.82794284,64314551.745563,29191.79238875,2203.17241535
1495843200,2205.56738819,1538.0,2135.5,1972.76599998,92665867.003232,48896.61680798,1895.1386221
1495929600,2196.0,1850.0,1971.62,2057.10000001,53655830.894775,26269.16735119,2042.54022129
1496016000,2252.3002892,1976.01000001,2054.60213318,2207.0,33996389.987358,15934.80994729,2133.46692554
1496102400,2284.0,2050.5,2207.00000001,2139.99999999,40157964.723235,18353.43228897,2188.03568133
1496188800,2240.50000002,2005.93937735,2139.99999998,2196.99999967,32306413.202331,15118.10403927,2136.93549921
1496275200,2368.55663483,2171.08644538,2196.99899999,2314.59525181,40944880.757948,17878.83109912,2290.13186214
1496361600,2413.92321999,2267.9299436,2322.20898,2408.0,22364557.424392,9630.88878719,2322.16962718
1496448000,2482.25,2344.2680156,2413.0,2455.30084836,23687278.961569,9788.25216392,2419.97024237
1496534400,2497.21329063,2374.0,2460.22139999,2483.55,21332021.248219,8691.91844533,2454.23624052
1496620800,2635.35652085,2477.48999998,2483.55,2635.35652085,22372229.837905,8772.08464631,2550.38918796
1496707200,2894.99999999,2580.0,2635.00000005,2846.0,81923184.446165,29648.76541248,2763.12295997
1496793600,2862.54525257,2564.0,2846.00000001,2645.50430872,49070430.356723,17896.31493884,2741.92930357
1496880000,2797.14511794,2558.9,2645.50430872,2788.0,34013412.940554,12593.05384383,2700.96621219
1496966400,2850.99999949,2769.11589253,2786.16326382,2816.09973687,25275425.99678,8984.74441692,2813.14913634
1497052800,2906.16026926,2760.0,2813.0,2811.82022002,30620792.046735,10812.67489572,2831.93495985
1497139200,2977.0,2784.00000002,2803.99990001,2937.1,30830678.595825,10719.86273014,2876.03296534
1497225600,2965.0,2300.0,2937.1,2571.05013426,88704710.63544,34030.29827623,2606.63923411
1497312000,2750.0,2513.58496152,2566.50556852,2676.77469678,42251296.767639,16027.88829868,2636.11125684
1497398400,2729.21,2273.1,2671.00086237,2386.78070979,63183088.135901,25265.77729572,2500.73795064
1497484800,2459.85750006,2012.0,2386.7807098,2374.46992685,104677533.97412,46736.31646862,2239.74720053
1497571200,2477.48703455,2240.0,2374.46992799,2435.00000001,43479966.625069,18240.33432428,2383.7264083
1497657600,2640.0,2369.61451577,2438.49136377,2607.14769572,36800919.715181,14593.31249158,2521.76603059
1497744000,2640.44856603,2408.0,2607.14769572,2492.3,46411759.478332,18380.48197686,2525.05671705
1497830400,2596.3421559,2481.49782383,2491.12119074,2583.04709526,28294406.623223,11121.83806339,2544.04051398
1497916800,2785.52657367,2563.73,2584.99999992,2668.00000301,36903854.052626,13857.80593999,2663.03729554
1498003200,2775.81626497,2541.20794418,2668.00000301,2620.0,43815656.010359,16445.25889265,2664.33361106
1498089600,2704.94331536,2544.0,2624.90653876,2673.37636987,22304647.568062,8462.66939048,2635.65153486
1498176000,2720.0,2650.0,2675.32267508,2670.0,13090231.864388,4866.66585205,2689.77412099
1498262400,2687.99999999,2450.92370001,2670.881526,2503.48203847,34088563.732193,13306.06568386,2561.88151645
1498348800,2602.08518563,2359.10291486,2503.4303456,2481.8117977,41560204.433619,16729.61422977,2484.22969369
1498435200,2508.92659464,2192.00000001,2479.9,2395.28891992,73840480.752938,31333.87509032,2356.57034248
1498521600,2515.99999999,2168.333,2393.38025002,2510.0,62426319.778939,26625.38021272,2344.61702631
1498608000,2560.79000002,2390.38105202,2510.0,2513.00000002,39676839.183427,16022.41754832,2476.33286698
1498694400,2539.5783773,2398.9622295,2517.99999998,2468.47472319,31738707.57099,12790.44807094,2481.43828855
1498780800,2510.0,2402.11,2466.44776592,2423.6613876,22464915.807933,9118.53276639,2463.6546672
1498867200,2441.99999996,2284.0,2423.66138761,2346.54237323,27320209.019652,11557.55590694,2363.83965949
1498953600,2465.0,2295.4139943,2346.0,2435.14325217,24458197.645721,10295.86307975,2375.53641266
1499040000,2591.89899,2417.54545454,2438.58276941,2536.4577091,32364235.437645,12886.91317815,2511.40323444
1499126400,2624.12345003,2530.01475643,2535.69695163,2603.0000001,7872389.9394885,3036.42988533,2592.64670576
1499212800,2619.90012345,2480.61,2579.9544137,2599.00010597,19375861.158388,7608.23567432,2546.69571077
1499299200,2605.44380335,2546.38790528,2599.00014572,2589.9457086,13985440.225324,5422.78804626,2579.01288156
1499385600,2599.81347213,2423.0,2587.05608579,2477.0,30327873.809744,12106.08218448,2505.17660028
1499472000,2549.27253246,2420.0,2476.99999997,2549.27253246,22059814.777304,8892.05355569,2480.84591924
1499558400,2559.0,2470.0,2549.27253246,2473.1147386,14494306.767811,5754.35887929,2518.83955656
1499644800,2499.59999999,2244.0,2474.88862999,2316.0,45871920.07411,19287.1574026,2378.36603479
1499731200,2375.425162,2183.00000001,2316.0,2283.99552336,57419123.935356,25051.60022217,2292.0341785
1499817600,2398.445,2195.00000004,2283.99552336,2375.92499996,40112388.629013,17335.85568848,2313.83955599
1499904000,2400.0,2284.01,2376.0,2327.26714203,32875535.077485,14054.82265814,2339.09284216
1499990400,2350.0,2133.99999997,2327.3,2205.90730017,33293525.850205,14905.35924947,2233.6614162
1500076800,2213.87290324,1972.00001,2205.90730018,1977.5,59275252.46186,28823.07244634,2056.5209546
1500163200,2054.0,1835.00027699,1977.5,1925.89999989,66403515.271259,34464.89826659,1926.69987758
1500249600,2224.84499999,1922.19330015,1922.19330015,2223.40308238,59429221.78286,28707.75490146,2070.14522685
1500336000,2390.0,2117.27096332,2223.40308238,2299.99999958,74187365.781234,32552.14170484,2279.0317901
1500422400,2409.90497,2210.0,2299.99999951,2249.99999972,53165309.176763,23108.49889393,2300.68207462
1500508800,2925.99999999,2246.91570781,2249.99999972,2855.0,115996549.015,44658.09641771,2597.4360378
1500595200,2864.00000006,2600.5,2850.95,2666.69902964,74807686.659492,27406.65471447,2729.54461019
1500681600,2909.51102727,2646.5026124,2669.65585919,2847.0,58251215.17102,20724.55731642,2810.73386908
1500768000,2880.1512172,2655.0,2847.00000004,2751.43083445,45486459.59329,16433.28298121,2767.9471987
1500854400,2815.51744787,2705.01,2751.43083446,2769.36363636,32987032.014307,11943.75185936,2761.86514947
1500940800,2800.0,2417.33001,2769.36363637,2565.99999948,102645701.46694,39725.94814014,2583.84522642
1501027200,2619.96493511,2400.0,2565.99999948,2526.35064673,52104922.715903,20882.98379061,2495.08993725
1501113600,2695.65148429,2506.44022736,2526.35064674,2669.999998,36320872.791147,14050.65643496,2584.9947267
1501200000,2844.23,2660.0,2669.99999799,2789.98120002,54072388.339692,19643.05920634,2752.7478165
1501286400,2794.9,2659.00000005,2788.5,2719.00000003,25901757.130231,9538.23970504,2715.56995118
1501372800,2753.48609939,2619.97526495,2723.5697957,2753.0,22700308.589035,8432.37561724,2692.04191315
1501459200,2882.99999994,2692.17417055,2753.48609939,2855.0,29353388.684545,10520.1737698,2790.19998403
1501545600,2927.00000002,2640.0,2855.0,2736.48268487,52056978.710515,18804.3860262,2768.34237703
1501632000,2760.46813195,2667.6606257,2736.38268496,2699.0,23714653.950686,8730.9253108,2716.16731405
1501718400,2808.77059872,2698.0,2699.0,2794.88999995,15339545.638192,5569.7253257,2754.09373733
1501804800,2879.90000004,2762.00000002,2789.12000004,2863.0099985,17359065.526864,6128.85815424,2832.34904283
1501891200,3333.0,2852.82382318,2858.00002018,3256.53665595,61195311.48266,19401.93722356,3154.08254224
1501977600,3309.0,3143.0,3253.00000004,3228.99999993,28805789.40803,8890.12740818,3240.19984027
1502064000,3436.20089999,3191.0,3228.99991998,3398.99999999,29894673.359708,8959.5371539,3336.63144046
1502150400,3480.0,3350.0,3397.99999999,3411.0,38268744.516578,11195.10423652,3418.34642251
1502236800,3429.42220025,3229.18977781,3405.99999998,3334.33601873,33829413.320405,10161.48239223,3329.18092209
1502323200,3444.999999,3306.19746171,3337.0,3415.86609324,21173252.151403,6233.02512729,3396.94638141
1502409600,3674.9,3400.88,3418.86609323,3641.33709998,26030562.907956,7385.87902173,3524.36897915
1502496000,3767.50499997,3591.56508346,3648.99999994,3767.50499997,10854285.361622,2944.27531723,3686.57282085
1502582400,4254.88402546,3833.0,3865.0,4025.0,68906069.908798,17104.43432853,4028.55005814
1502668800,4245.0,3965.0,4051.69740436,4186.0,18614859.766028,4534.26725734,4105.3733072
1502755200,4426.0,3761.70461157,4310.92800002,4149.0,80209337.179699,19596.05947358,4093.13603522
1502841600,4395.55499999,3926.0,4146.00000001,4380.99999999,40427286.664403,9680.75941664,4176.04496966
1502928000,4489.20999994,4180.0,4380.99999999,4262.0,47385213.473242,10911.64942838,4342.62608822
1503014400,4354.0,3960.0,4262.00000001,4090.0,53465748.50672,12831.51354073,4166.75307531
1503100800,4187.8917385,3910.0,4090.0,4137.62063907,60390800.933055,14903.22081321,4052.19795707
1503187200,4185.5046549,4035.33083709,4148.31645086,4074.84913119,27106681.999013,6596.03773397,4109.54016521
1503273600,4100.6799598,3950.0,4074.0,3994.00000003,39085823.926302,9705.0606939,4027.36522306
1503360000,4095.0,3601.00000005,4003.56396757,4064.5176,62015463.992713,15978.87588038,3881.09053834
1503446400,4249.0,4020.00000003,4060.0,4136.0,42682951.088524,10300.62699163,4143.72359305
1503532800,4365.0,4105.0,4132.00000001,4321.0,31337716.371695,7435.72329083,4214.48124762
1503619200,4455.123,4261.19417368,4321.0,4352.00000091,30468459.336863,6995.18553573,4355.63276788
1503705600,4375.0,4248.61386148,4352.43520091,4354.95,23976332.051985,5569.5761483,4304.87552617
1503792000,4398.0,4249.39291,4354.94999999,4321.66862636,19857203.619393,4577.21824657,4338.26891131
1503878400,4399.99,4170.0000005,4330.0,4380.009999,32598240.17618,7588.96758553,4295.47758753
1503964800,4650.0,4336.0,4380.009999,4590.00000001,31750225.494503,7035.71927678,4512.71920403
1504051200,4632.19603703,4465.89999997,4590.00000002,4573.3974586,23325733.047973,5108.75500605,4565.83512428
1504137600,4742.4189453,4563.93900054,4567.7,4715.15472512,23692351.824155,5071.83394167,4671.35795387
1504224000,4900.0,4664.63384397,4715.15472512,4899.00000047,41131095.695636,8587.91742996,4789.41443383
1504310400,4950.0,4361.18000002,4899.99999999,4511.0,88448299.7225,19255.1592391,4593.48575746
1504396800,4730.0,4330.0,4511.0,4604.23005,44240707.04095,9747.58242843,4538.6337962
1504483200,4609.41189999,4021.8,4604.23005,4208.99999996,81228486.311874,19061.0764831,4261.48472694
1504569600,4472.35273107,3910.0,4208.99999996,4385.95793389,59766471.945184,14328.06878104,4171.28594638
1504656000,4630.57664352,4349.09835001,4385.8548202,4589.00866529,37845268.4055,8414.55915746,4497.5937179
1504742400,4685.12007432,4447.22235,4592.0,4613.67058239,28578683.165968,6252.44619679,4570.80033421
1504828800,4678.1,4050.0,4613.67058241,4301.07510754,74450350.712083,17258.75939373,4313.77186584
1504915200,4377.59999999,4150.0,4308.52943341,4321.06375806,25031316.480883,5855.35663051,4274.94310943
1505001600,4322.93224359,3973.65663723,4322.14135638,4230.0,37275561.787996,8989.81413772,4146.42185221
1505088000,4370.0,4120.786,4229.99998942,4200.21000001,27663201.714656,6557.56735271,4218.51583472
1505174400,4376.40009654,4050.7196195,4200.21000003,4143.7887779,32206815.425438,7638.97113584,4216.11953399
1505260800,4158.54014199,3738.0,4143.7887779,3863.99999999,59770375.786067,15312.42261216,3903.39120725
1505347200,3931.34184627,3203.0,3860.40366478,3225.00000019,96664634.780868,27446.25299676,3521.96107761
1505433600,3817.74999997,2927.40000002,3225.00000059,3696.0,139231789.90144,41061.21994434,3390.83422485
1505520000,3895.00000002,3504.761,3696.0,3686.19615279,50749399.288485,13765.00198925,3686.84285902
1505606400,3772.0,3470.11000004,3685.1,3677.99675073,29313504.897916,8069.45401566,3632.65034301
1505692800,4114.27670678,3671.0002,3671.0002,4078.0,43856927.245025,11137.16281674,3937.89046336
1505779200,4109.69756083,3830.00000001,4077.61645508,3900.0,33325193.431471,8443.58091624,3946.80808558
1505865600,4048.47,3831.10000001,3900.0,3875.95761909,20882425.703425,5298.00216376,3941.56609566
1505952000,3918.21099997,3558.00000001,3875.00000015,3600.00000001,36493119.009385,9769.21004753,3735.52404256
1506038400,3745.37997275,3490.20653793,3600.0,3590.0,31037034.319058,8607.72297592,3605.71946911
1506124800,3811.0,3556.00001,3589.99999959,3784.99999999,18063911.355514,4846.55559704,3727.16478617
1506211200,3802.26862745,3612.27878477,3784.99999999,3659.45499703,10850221.916853,2938.84065713,3692.00755764
1506297600,3975.3307,3655.88281585,3659.45499703,3925.95699997,24529373.544617,6369.99684274,3850.76698626
1506384000,3990.9,3845.0,3925.93999999,3880.729,15261636.181233,3892.3565628,3920.92449265
1506470400,4234.25902018,3879.00000001,3880.729,4202.0,28598100.132058,7008.92085127,4080.24298446
1506556800,4277.99999989,4110.00000002,4204.21290001,4190.00838781,26059130.215439,6211.0436922,4195.61212363
1506643200,4245.0,4010.1,4189.8783878,4168.0678793,24329621.970669,5893.95557702,4127.89367899
1506729600,4390.0,4164.00000001,4170.0,4365.00000006,16074622.837572,3730.58451882,4308.87512572
1506816000,4421.0,4255.51288978,4365.00000006,4412.79348634,13036065.405006,3008.98915404,4332.37367688
1506902400,4486.99999999,4358.0,4412.79348634,4401.0,16503106.174588,3732.77094287,4421.14087019
1506988800,4434.01234,4216.0,4401.0,4308.88,17628673.696058,4103.76462272,4295.7321671
1507075200,4350.83575743,4173.30560003,4311.05341807,4213.30042629,12156970.632115,2867.88559073,4239.00125981
1507161600,4368.58692255,4131.00000007,4213.30042629,4317.0654709,14102080.415096,3312.38667653,4257.37747196
1507248000,4423.75492629,4298.32,4317.06547089,4371.63623916,9684440.082593,2217.16941326,4367.92967856
1507334400,4480.0,4314.00000001,4371.63623912,4440.0,12568479.037771,2876.11922225,4369.9436868
1507420800,4633.39225828,4420.71604367,4440.0,4611.00000019,19782392.987906,4353.59971723,4543.91636181
1507507200,4888.0,4553.12640386,4617.75757253,4787.65755,28600172.201272,6065.64259486,4715.11002404
1507593600,4939.13,4714.83272866,4782.86989244,4770.0,22146485.271026,4584.01941585,4831.23723133
1507680000,4875.47850202,4720.0,4770.0,4820.00000001,11401863.434754,2373.60368199,4803.60875796
1507766400,5444.36749996,4820.00000001,4826.0,5441.55460001,42509665.702337,8183.77109144,5194.38596551
1507852800,5862.0,5385.60000002,5444.36749995,5646.6291435,65662685.365964,11638.27632148,5641.95964696
1507939200,5850.0,5560.176205,5646.81105826,5832.72549999,20431178.047336,3582.23137042,5703.47806566
1508025600,5880.87,5434.14000003,5839.99999995,5715.0,36914135.984565,6600.63449379,5592.51326812
1508112000,5800.0,5565.0,5715.00000001,5765.0,31343494.34654,5516.72776177,5681.53726267
1508198400,5780.10765528,5512.68447392,5765.0,5609.38701781,26958951.01156,4799.39724407,5617.15349669
1508284800,5609.3870178,5100.0,5609.3870178,5562.99999973,42728638.503172,7989.88174847,5347.84366631
1508371200,5737.90918111,5495.86543267,5569.64953294,5696.65487095,22373731.47278,3961.46968003,5647.83610122
1508457600,6095.0,5600.09056759,5696.65487095,5992.0,31671110.599309,5368.22766746,5899.73312631
1508544000,6180.0,5865.0,5990.0,6009.33864396,33916718.483332,5597.0185381,6059.78312425
1508630400,6069.99999999,5707.36180313,6009.33864396,5963.68434001,29397655.89187,4998.3810114,5881.4355738
1508716800,6058.99999998,5500.0,5975.0,5899.99999999,39264109.488824,6774.53067337,5795.84201207
1508803200,5900.0,5460.0,5900.0,5508.76,39942309.385756,7083.69263184,5638.62824965
1508889600,5745.0,5362.39,5500.00000003,5709.31000001,23695905.619236,4282.42831031,5533.28716844
1508976000,5968.0,5669.10470001,5709.31000001,5880.00000001,24489995.607452,4195.14806198,5837.69517681
1509062400,5999.00201,5683.1844118,5882.00000001,5756.51178353,18054468.287269,3102.75128825,5818.85772012
1509148800,5870.32000074,5641.0,5756.51178354,5719.0,11070228.503588,1931.69504951,5730.83650361
1509235200,6248.63,5670.0,5719.0,6155.0,33176735.611668,5545.15410503,5983.01417476
1509321600,6246.07500019,6004.39742146,6155.0,6125.0,17545716.861177,2862.98214754,6128.47581891
1509408000,6475.44007663,6091.09,6121.35190656,6450.02162843,24118456.124153,3829.37339929,6298.27744889
1509494400,6739.791199,6351.0,6455.0,6739.791199,30821269.442537,4721.89715208,6527.30638763
1509580800,7281.42800003,6607.30296794,6739.79119899,7025.0,74401788.913629,10748.34966423,6922.1593303
1509667200,7438.62920135,6921.23923663,7025.0,7124.35999982,42603430.778345,5919.59250455,7197.02086682
1509753600,7440.00000004,6864.16306531,7124.35999982,7365.99999999,36762707.584537,5099.92868749,7208.47483117
1509840000,7599.0,7250.3,7360.00000009,7379.16813705,32231637.398836,4322.23052887,7457.17684041
1509926400,7420.0,6908.51315854,7379.16813705,6929.97042124,47092577.364804,6588.70881429,7147.46677872
1510012800,7250.99999997,6929.97042124,6929.97042124,7084.87344467,29114065.737518,4117.55484485,7070.71716942
1510099200,7770.99929997,7000.0,7084.87344467,7409.99999999,68447769.287297,9304.06211212,7356.76185976
1510185600,7441.99999994,6955.47946617,7398.0,7020.0,44561094.134016,6184.85434525,7204.8736553
1510272000,7277.39199995,6315.0,7020.0,6543.20421755,90827394.139463,13449.76633714,6753.08342633
1510358400,6800.0,6150.0,6544.4404005,6300.00000041,82349719.452908,12817.54890784,6424.76342747
1510444800,6549.00000006,5151.0,6318.99999999,5834.99999999,170040869.59164,28336.75894946,6000.7169449
1510531200,6701.98532544,5773.22256332,5840.54588383,6475.7786365,113649124.66403,18072.31934397,6288.57439385
1510617600,6687.99999997,6299.35892763,6477.99999999,6554.91826454,44315475.662529,6785.763522,6530.65429098
1510704000,7298.35,6554.91826453,6554.91826454,7275.1192,67128214.469818,9572.66396901,7012.49042974
1510790400,7980.0,7082.12862336,7275.1192,7858.00100004,83626670.641329,11103.86306679,7531.31321399
1510876800,8022.0,7511.0,7858.999,7687.51011467,69824314.893926,8946.19052298,7804.92151542
1510963200,7855.180018,7413.00000009,7687.51011467,7770.0,44817158.422224,5862.04677642,7645.30890515
1511049600,8131.29887311,7650.00000001,7768.3834313,8060.0,41462129.384962,5244.92635594,7905.18809439
1511136000,8299.754,7951.0,8076.49966669,8249.00000001,34280280.986163,4201.59371023,8158.87573867
1511222400,8389.16699997,7807.0,8249.00000001,8107.0,67393997.555178,8320.6135928,8099.64274912
1511308800,8319.0,8077.8244035,8107.0,8213.64556508,35871100.193125,4371.91181056,8204.90022385
1511395200,8268.31399996,8000.0,8213.64556508,8000.0,44926073.522192,5505.67917339,8159.95122624
1511481600,8338.58061257,7890.0,8000.0,8198.93,57726796.506578,7086.67633588,8145.82094208
1511568000,8709.99999914,8144.52362511,8190.00050001,8709.0,55753752.55269,6589.40738728,8461.11786324
1511654400,9350.0,8682.99999994,8709.0,9284.33658751,69116873.941227,7658.58213839,9024.76107095
1511740800,9730.00000016,9211.0,9284.33658751,9711.00000013,79743097.65321,8362.80544615,9535.44814197
1511827200,9951.42766235,9599.99999987,9711.00000014,9879.96875865,61246815.565514,6232.03764442,9827.73517428
1511913600,11447.09553169,8700.0,9882.09865999,9702.0,255694366.39002,25162.03540249,10161.91108151
1512000000,10570.10000001,8861.0,9730.99999955,9907.67682035,139091071.86224,14375.62659305,9675.47890604
1512086400,10829.585001,9350.3,9907.76,10699.888888,76715777.337918,7561.2407543,10145.92443631
1512172800,11197.80895967,10595.00515206,10699.888888,10895.7862823,73453885.354546,6726.61122927,10919.89455774
1512259200,11847.88172105,10465.0,10895.7862823,11174.99999992,118265649.11227,10502.68082442,11260.5201557
1512345600,11600.0,10800.8245999,11174.99999992,11600.0,62134737.343657,5497.92329904,11301.49221152
1512432000,11867.0,11411.70741524,11600.0,11665.13875565,56783902.300805,4869.06117357,11662.18707808
1512518400,13666.0,11641.00000001,11665.13875565,13580.90538838,141297888.00586,11194.92889797,12621.59762635
1512604800,16672.0,13092.27285484,13580.90538838,16563.50743405,244169690.64637,16534.34850713,14767.42131938
1512691200,17200.0,13899.9999999,16563.50743405,15847.67803098,230420652.31763,14970.35092352,15391.80033218
1512777600,16234.14,12919.0,15847.67803098,14690.2198385,137360332.40278,9538.40577987,14400.76419192
1512864000,16000.0,12700.006,14690.21983851,14906.01490599,162397487.41352,11357.20256226,14299.07466413
1512950400,17450.0,14906.00000001,14929.8,16478.96,141877409.19868,8641.58230221,16417.98969644
1513036800,16980.0,15667.0,16478.96,16227.9999999,144285571.10476,8795.89171492,16403.7457237
1513123200,16530.000001,15100.0,16227.9999999,15907.0,150292580.36163,9412.20193278,15967.84487147
1513209600,16668.00000001,15451.0,15939.0,16401.52900029,137992588.72553,8540.16353113,16158.07334631
1513296000,18000.0,16300.0,16401.52900033,17540.0,150193595.85286,8627.31615252,17409.0752208
1513382400,19764.788462,17250.99999998,17540.00000005,19223.0,117335298.74412,6356.848079,18458.09389904
1513468800,19903.4402144,18569.63785309,19222.99999997,18959.19999967,140092326.44647,7282.77058333,19236.13065158
1513555200,19200.0,17805.43793687,18959.19999966,18930.53404981,152446347.02492,8225.56552451,18533.23599096
1513641600,19000.0,16502.0,18930.53404981,17309.99999999,193311486.52772,10880.42851584,17766.90010382
1513728000,17835.00000003,15550.00000008,17309.99999999,16470.0,234537121.84674,14188.44815312,16530.14616649
1513814400,17375.98798753,14500.0,16403.59874676,15293.0,186951564.06661,11868.53629731,15751.86353088
1513900800,15519.79447536,11362.39,15180.00000001,13247.06419074,396038503.84234,29968.89251945,13214.98629237
1513987200,14940.0,13000.0,13200.00000001,13830.0,162555092.92983,11453.33700481,14192.81497275
1514073600,13999.0,11703.13716406,13830.0,13517.00000009,172488515.64539,13389.67434668,12882.20394158
1514160000,14300.0,12702.8464126,13510.98484645,13637.99999972,83950439.713653,6181.97594595,13579.87162157
1514246400,16050.65549987,13510.53958989,13637.99999972,15700.085745,125250306.98157,8234.25934863,15210.87710243
1514332800,16500.90800028,14454.0,15690.00000006,15370.01000001,124139342.61595,8029.24523807,15460.8981212
1514419200,15464.07930619,13260.01051,15370.01000001,14307.3458536,130806984.96319,9301.91479356,14062.37187355
1514505600,15100.0,13770.00000005,14307.3458536,14305.53422499,100213730.25999,6966.730038,14384.61512264
1514592000,14365.38790685,11701.00000003,14305.53422499,12351.93000029,164673298.68738,12776.3452807,12888.92050656
1514678400,14145.0,12205.0,12390.0,13769.34198361,94241790.44347,7123.68044519,13229.36804487
1514764800,13891.99999996,12800.0,13799.99999984,13351.7394064,78833063.078719,5912.52921643,13333.22173861
1514851200,15325.0,12875.0,13400.71449717,14738.00000001,109224074.69754,7753.17758932,14087.65289318
1514937600,15440.725015,14476.14012492,14731.20000023,15150.0,106036383.51469,7101.1727295,14932.23549881
1515024000,15400.00000004,14083.91135919,15150.0,15167.62803252,111185470.03039,7524.94662601,14775.58254646
1515110400,17108.0,14772.4649684,15167.62803252,16924.0,127071935.80705,7958.88951768,15966.03841839
1515196800,17257.08719135,16200.0,16923.99999996,17158.72758957,76125226.327979,4558.21866125,16700.65259815
1515283200,17177.44769997,15683.8615253,17158.7275,16174.43357169,72935547.105704,4446.03797208,16404.61632665
1515369600,16277.49999996,13268.188,16170.7066618,14922.81071439,132386233.27782,8907.41666752,14862.47227667
1515456000,15427.83421139,14110.83932393,14915.08478054,14388.06253537,79106643.468573,5357.28747428,14766.17483163
1515542400,15000.00000006,13270.0,14388.06253538,14854.0,109754014.55468,7789.71218601,14089.61100665
1515628800,14931.00000004,12593.46211929,14854.0,13291.67567771,131799939.74552,9749.88036612,13518.1084071
1515715200,14119.63214537,12600.0,13255.00000168,13812.52734302,67634697.851652,4975.26036115,13594.20270339
1515801600,14591.36669224,13758.0,13812.52734302,14204.99999789,46584640.495383,3279.73638344,14203.77586765
1515888000,14449.0273932,12853.99999974,14178.00000001,13560.0,65638686.272321,4888.93165869,13425.97746394
1515974400,14300.0,13304.02596262,13560.0,13580.0,53535285.42452,3879.73220791,13798.7063425
1516060800,13589.88232828,10000.0,13580.0,11102.69798098,198203240.6128,17107.23414848,11585.93136052
1516147200,11800.0,9150.28999997,11041.42197477,11036.11532467,170671826.8403,16353.78705619,10436.22656048
1516233600,11900.0,10400.0,11088.99122314,11010.00009,119824231.84062,10593.30128156,11311.32105618
1516320000,11750.0,10641.0,11010.00009,11410.53924928,60647072.418535,5388.71278391,11254.46370042
1516406400,13400.0,11406.70000101,11412.12,12750.17487957,83448831.482163,6700.67008107,12453.80394386
1516492800,12750.17487364,10950.0,12748.89985765,11510.0,77777897.885063,6608.21412018,11769.8816156
1516579200,11896.06346557,9947.99999998,11510.0,10767.0,92371635.394113,8553.41629321,10799.38497409
1516665600,11400.0,9880.00000009,10767.0,10807.7699848,72381369.277563,6772.20269239,10688.0098788
1516752000,11516.79592154,10350.0,10829.99999963,11388.8,53417007.865987,4837.5844867,11042.08267842
1516838400,11722.64501562,10890.0,11388.7838514,11170.46487644,43995430.318203,3908.71120917,11255.73826354
1516924800,11635.62260994,10293.1857382,11167.46487651,11079.309822,68040992.544272,6268.16691429,10855.00649147
1517011200,11650.0,10824.81809367,11079.309822,11480.56138879,44932560.260247,3971.22192802,11314.54274645
1517097600,12200.0,11425.0,11480.56138955,11849.99989962,48878713.473869,4119.40187491,11865.48799027
1517184000,12000.0,11100.0,11849.99989962,11227.0,35761454.807131,3123.57790019,11448.8756003
1517270400,11271.32887049,9850.0,11235.46599465,10181.53934991,67375546.228963,6439.28051289,10463.2103065
1517356800,10424.62688464,9700.46388593,10184.66464945,10261.25665107,42316889.544944,4204.12784229,10065.55726476
1517443200,10367.78412393,8820.0,10261.25665108,9199.57000007,57494536.756159,6084.61480431,9449.16623406
1517529600,9211.44851783,7966.88926862,9199.57000009,8872.00000009,100201900.72844,11578.56101524,8654.08927729
1517616000,9497.134812,8207.79288033,8890.977208,9216.41034089,51414495.727375,5697.60052073,9023.88567613
1517702400,9400.0,7900.05161,9215.56138953,8168.01000005,53690353.476276,6283.56156827,8544.57347046
1517788800,8369.99999998,6666.6666666,8195.26036052,6960.0,120383256.53706,16260.93212085,7403.21991644
1517875200,7921.69007689,6012.62120401,6957.00000001,7723.99999884,153123114.49307,22290.57450701,6869.41085546
1517961600,8640.0,7200.0,7719.43699777,7568.39928201,92900223.399824,11660.40709991,7967.15094111
1518048000,8700.09999999,7568.39928203,7584.00167162,8250.0,57792265.352506,6991.5492234,8266.01708804
1518134400,8744.99999999,7756.0,8254.28850196,8682.31340707,42846194.616737,5169.72917532,8287.89926197
1518220800,9069.99999984,8144.47445801,8682.31340707,8560.42138972,53070135.402707,6157.8192782,8618.33272544
1518307200,8560.42138972,7805.0,8544.23896512,8070.0,36772320.677687,4509.32045465,8154.73662772
1518393600,9000.0,8070.0,8070.0,8910.0,33126284.390374,3826.23588267,8657.66915741
1518480000,8943.49999999,8355.0,8889.00000164,8500.61835334,31293751.677267,3642.31316735,8591.72461
1518566400,9485.88887924,8500.6183543,8523.09999763,9469.99998292,37263750.946118,4108.85804018,9069.12591813
1518652800,10198.5,9319.84000301,9456.2142096,10004.0,51604899.336311,5275.10959608,9782.71605478
1518739200,10279.99999999,9674.52416058,10010.0,10161.00000514,30062234.361222,3011.99598281,9980.83481279
1518825600,11069.43999976,10045.0,10161.00000514,11049.0,41193022.43693,3857.71800657,10678.08024505
1518912000,11248.0,10080.0,11049.0,10379.00000001,51229772.144017,4812.39715935,10645.37494468
1518998400,11246.98765432,10289.99999911,10399.99999946,11155.99999985,33452377.076487,3077.15666606,10871.19724694
1519084800,11777.0,11080.99999997,11178.99999824,11217.16508497,51451610.460097,4494.83977842,11446.81746101
1519171200,11272.56700835,10224.30217055,11217.16508497,10441.06050012,66377090.386978,6189.48202244,10724.17532619
1519257600,10912.0,9722.22419156,10441.06050012,9845.53808217,56575837.76165,5590.31206937,10120.33622803
1519344000,10405.49959884,9559.9702306,9826.55515516,10149.24000003,44982531.925189,4499.46693758,9997.3024692
1519430400,10490.0,9360.00000009,10148.0,9700.0,41772803.848891,4245.8643374,9838.46880856
1519516800,9844.99999999,9247.71854949,9690.61347383,9559.19777954,24996319.767008,2618.50784237,9546.0167667
1519603200,10455.0,9358.52927553,9560.19775733,10338.04883746,37444837.677279,3754.49295542,9973.34077381
1519689600,10879.0,10121.0,10330.5116,10589.17434034,36852886.425201,3483.13849842,10580.36780389
1519776000,11074.0,10252.00000001,10588.1532,10322.06729641,33726412.58637,3174.71862066,10623.43363814
1519862400,11080.0,10201.12439999,10322.06729641,10936.78449799,27817545.131465,2598.6106121,10704.7762377
1519948800,11193.00000028,10777.00000001,10934.19799973,11022.24380591,25434092.038258,2313.33856956,10994.53939554
1520035200,11539.43999433,11014.2716,11014.2716,11441.00000065,23739477.586728,2093.93995257,11337.22939742
1520121600,11547.36779581,11075.48434259,11460.0,11500.60520003,17647922.485175,1566.56517948,11265.36113296
1520208000,11700.0,11417.0,11514.6079455,11434.99999889,24901651.745496,2155.96704769,11550.10776819
1520294400,11434.99999889,10558.97250033,11434.99999889,10734.02469622,37276267.358262,3394.38434617,10981.7461892
1520380800,10893.75963244,9424.0,10719.57445341,9909.60413712,57144246.840109,5661.37524084,10093.70416358
1520467200,10109.77083479,9070.00000001,9909.60413712,9281.94370128,43154941.918718,4504.28226734,9580.86979398
1520553600,9410.56138943,8359.32039962,9298.62936256,9230.48866747,56492671.164133,6392.80237338,8836.91812519
1520640000,9509.99999995,8680.0,9215.90764284,8760.7768,34485772.01441,3744.79984474,9208.97603188
1520726400,9726.22913411,8443.78491653,8768.99999999,9523.53110032,35047641.116825,3847.8265667,9108.4253693
1520812800,9900.00000191,8777.22362708,9530.0,9101.30580003,40200145.324384,4287.93175334,9375.18310385
1520899200,9478.99999999,8829.32583225,9127.58779987,9121.00715914,29690956.609377,3248.52521103,9139.82643833
1520985600,9350.0,7935.0,9125.999996,8187.99998872,48654884.610393,5693.12816797,8546.24789305
1521072000,8437.0,7648.0607857,8187.99998827,8259.8224,47669036.289991,5922.18003655,8049.23794882
1521158400,8589.58559982,7906.94368489,8250.0,8258.66373104,30293485.734963,3638.63290546,8325.513049
1521244800,8353.70899998,7723.14847086,8258.66373104,7850.0,32809486.258088,4102.08311628,7998.24999349
1521331200,8325.94657268,7321.0,7852.75469967,8200.0,49270227.628786,6427.03405196,7666.09095742
1521417600,8698.0,8100.99999999,8208.6373,8611.0,30867203.249579,3684.56586776,8377.43288013
1521504000,9039.68000007,8306.81315698,8609.4422,8886.88859654,31096079.368649,3577.53709533,8692.0354814
1521590400,9176.43934596,8759.87579422,8885.99999656,8905.70096672,26892421.625438,2994.77899801,8979.76833793
1521676800,9106.26756362,8480.11254304,8896.0,8712.00720381,25848434.005773,2967.13541664,8711.57880453
1521763200,8907.7,8270.0,8700.0,8907.7,23230776.098734,2737.51850322,8486.07089647
1521849600,9000.0,8510.0,8908.42081826,8533.31390908,20316440.529555,2300.09414271,8832.87346909
1521936000,8660.99248761,8330.0,8533.31390907,8454.81444718,17290811.19398,2034.67724751,8498.06091611
1522022400,8497.96079172,7840.0,8459.4316022,8116.52304613,26434106.321788,3251.75642316,8129.17786016
1522108800,8200.0,7739.0,8141.49178806,7782.71671273,21593823.746428,2716.31609758,7949.67263407
1522195200,8100.1,7731.0,7782.71671273,7943.58381606,13849708.705977,1748.46722293,7921.05709752
1522281600,7966.5132066,6900.1,7943.54212629,7080.40276816,34489532.902819,4677.82565665,7372.98382503
1522368000,7269.21615741,6590.53296207,7088.52145285,6837.72532501,35027751.490543,5087.42348433,6885.16527048
1522454400,7230.95559729,6790.000004,6845.0,6933.87920545,18957202.511776,2699.73747484,7021.8688626
1522540800,7043.14185553,6427.09999983,6920.00000001,6823.02040095,22954922.432952,3411.40302818,6728.88024174
1522627200,7131.61946349,6766.01585088,6809.83130039,7058.89414772,14808465.741363,2119.40689378,6987.08010473
1522713600,7505.45,7005.42709637,7047.40542744,7412.27033867,19811522.405184,2699.01522427,7340.2781233
1522800000,7414.66693777,6684.31650299,7406.14599941,6769.9450882,22349003.475062,3178.49206832,7031.32271362
1522886400,6910.00000001,6542.31393183,6777.91287792,6774.99999999,18492360.409472,2738.73480833,6752.1544449
1522972800,6847.59216377,6499.98299166,6775.0,6613.54563751,13065306.229829,1976.90460795,6608.97150893
1523059200,7062.79473838,6599.24631203,6614.99291873,6890.0,14149413.865074,2053.41542105,6890.67283708
1523145600,7115.54428517,6890.0,6890.00000001,7030.0,8340252.1463294,1190.82084126,7003.78416076
1523232000,7184.0,6618.07799362,7025.00000046,6761.53778457,15617695.07127,2267.3272213,6888.15223693
1523318400,6881.87332722,6658.71497418,6759.51995272,6834.0,7405417.2814759,1090.36913979,6791.66074243
1523404800,6979.11765561,6799.0,6835.6,6966.46006249,7697428.1286448,1116.27922067,6895.6117664
1523491200,8028.0,6750.0,6963.9,7929.99999855,34359542.262921,4567.16142515,7523.17228677
1523577600,8230.0,7735.89167312,7921.84468403,7875.0,30649592.704763,3822.42314383,8018.36728993
1523664000,8173.0008011,7822.30000001,7874.91258045,7995.99999982,12958802.284693,1619.11469147,8003.63454977
1523750400,8404.01784022,7997.5573637,7997.5573637,8356.0,17196145.752657,2086.87743606,8240.13210144
1523836800,8404.0,7870.0,8364.99999999,8060.0,17449234.947984,2162.83492681,8067.7608502
1523923200,8168.57040884,7830.98999999,8060.0,7891.1,12532418.654109,1564.20049971,8012.02828948
1524009600,8234.0,7873.93788908,7893.2,8164.19061751,14237112.456389,1760.86005676,8085.31740028
1524096000,8296.99999997,8103.87643262,8167.0,8286.99999791,11710389.14802,1425.94588046,8212.36577663
1524182400,8920.90530616,8216.00000001,8286.99999834,8860.0,22050729.04556,2593.64350525,8501.83496726
1524268800,9019.90000059,8583.08841264,8851.10000069,8931.99999846,23340304.852188,2657.07514747,8784.20953747
1524355200,9027.83932177,8732.0000003,8905.20399847,8791.99999909,11823357.130444,1329.17603859,8895.2529892
1524441600,8990.0,8756.93816833,8782.81550804,8934.97778259,9447143.885438,1061.77679778,8897.48570998
1524528000,9729.87993246,8915.23330792,8942.93334776,9633.63095161,25024653.314253,2680.71797761,9335.05632568
1524614400,9754.97802829,8770.10010001,9635.99999999,8860.0240739,38461430.043163,4185.7259806,9188.71187971
1524700800,9299.0,8652.58532314,8876.89999935,9286.0,21137393.154648,2378.23582635,8887.84573861
1524787200,9386.0,8920.00000004,9286.0,8920.01000009,18317132.706367,1990.54976734,9202.04709618
1524873600,9430.77714092,8881.05894107,8920.00000001,9330.76125733,12877750.857104,1392.22287568,9249.77680086
1524960000,9580.0,9168.08572389,9358.16229919,9423.79999636,13342531.648018,1425.39953828,9360.55561244
1525046400,9454.0,9101.0,9423.79999636,9218.79293079,8793026.5439363,948.45068395,9270.93700572
1525132800,9235.38,8823.0,9235.38,9070.97331262,13794052.732076,1534.88265332,8987.04060681
1525219200,9279.99999996,8967.2763848,9081.58477857,9245.0,9004373.5264052,987.54927015,9117.89801134
1525305600,9822.51833374,9160.0,9245.0,9746.08286219,17811110.32278,1880.07036238,9473.64028452
1525392000,9820.0,9537.0,9756.0,9719.99999895,11970925.831359,1237.90525996,9670.30855959
1525478400,9994.48298795,9690.19107228,9716.34555274,9878.36795403,13562083.072954,1374.46302582,9867.18654353
1525564800,9975.0,9478.0,9880.0,9669.9999996,12617211.610339,1306.01149755,9660.87330318
1525651200,9689.889576,9180.00000002,9670.0,9390.0,16105813.498988,1722.22352059,9351.75562662
1525737600,9474.0,9056.20692385,9389.99999978,9201.0,14209452.262851,1537.74101765,9240.47163973
1525824000,9376.0,8970.9,9200.99999971,9300.40000001,11797110.837484,1283.37655987,9192.24427683
1525910400,9402.37950456,8995.0,9317.60720751,9020.0,9465746.7510457,1028.10559088,9206.97916149
1525996800,9026.92553121,8355.0,9020.0,8385.23146603,20738578.682844,2382.67340787,8703.91158701
1526083200,8636.48351648,8152.1,8409.99999971,8471.75248934,13929983.993335,1661.53606963,8383.79873175
1526169600,8750.0,8311.00388856,8443.91022179,8701.6132838,6799864.567417,792.78338572,8577.2036724
1526256000,8882.0,8275.00000001,8673.43452866,8671.0,12112713.584169,1413.12017065,8571.60900802
1526342400,8866.86022463,8420.0,8650.00000566,8449.74000183,8419455.2390586,979.01887203,8599.89064521
1526428800,8484.70466449,8079.000001,8462.67000131,8336.80381573,11940054.191281,1444.15778714,8267.83215629
1526515200,8471.74999999,7989.0,8341.95055587,8050.0,7648369.7757188,929.42654109,8229.12778749
1526601600,8265.0,7920.0,8053.273328,8240.0,7234919.8032129,892.9624489,8102.15458905
1526688000,8390.0,8135.0,8244.0,8219.5,4771375.8352467,577.41002635,8263.41008556
1526774400,8585.0,8156.85537637,8226.79361551,8525.00000001,6782042.8189281,805.62638566,8418.34743703
1526860800,8580.0,8309.88,8529.14120759,8381.24277848,6062085.5409272,717.90349393,8444.15104841
1526947200,8400.0,7955.0,8390.0,7985.23121618,9584532.9095799,1169.04450506,8198.60396083
1527033600,8033.00182348,7430.0,7986.23121619,7508.99999979,19243976.453546,2497.60562867,7704.97000513
1527120000,7720.56403461,7260.0,7499.64723025,7575.00000126,13827894.745935,1843.36557195,7501.43919163
1527206400,7647.56598436,7337.4983627,7575.69842051,7450.00000188,7905172.2701063,1059.66460819,7460.07010992
1527292800,7617.26184739,7299.00000001,7460.15,7331.75686948,5997112.5626232,801.25240347,7484.67341458
1527379200,7395.0,7222.1,7331.75686948,7347.47616732,5261553.0523294,720.85700719,7299.02463297
1527465600,7450.0,7059.19,7352.05866919,7100.0,9233362.6492644,1279.43503878,7216.74986958
1527552000,7531.00388855,7055.0,7110.27109751,7456.49341186,11622755.884149,1585.01313013,7332.90826631
1527638400,7556.23433461,7272.20810307,7463.6089913,7381.00000001,7474637.8126876,1007.12877308,7421.72998377
1527724800,7599.0,7337.2958179,7384.17186741,7489.99999999,7785406.0073348,1035.90023874,7515.59437499
1527811200,7600.0,7350.84342703,7489.99999999,7529.99999984,4902505.5607615,656.53829809,7467.20423625
1527897600,7710.0,7446.97004431,7529.99999985,7644.22813214,6206080.919582,814.59346462,7618.62350869
1527984000,7771.9651282,7596.15218141,7644.1249646,7710.0,6761318.7827418,878.34655475,7697.78027383
1528070400,7757.55,7448.39307872,7710.0,7487.93552169,9352222.765236,1238.18679722,7553.15981904
1528156800,7658.22046665,7360.01,7498.18208824,7622.73002569,7160775.840949,954.59387764,7501.38462929
1528243200,7689.24681964,7487.37927988,7627.99999949,7650.00000217,5039711.6621179,663.41137019,7596.66157164
1528329600,7750.0,7635.0,7655.0,7694.09351679,4276410.1097994,555.35999568,7700.24874507
1528416000,7701.18704458,7545.0,7685.70818855,7610.62165072,3186170.1512712,418.51881118,7612.96760422
1528502400,7682.86154523,7466.3,7615.35332351,7490.0,2839641.6000634,372.65128418,7620.10415799
1528588800,7498.76022096,6650.0,7490.10000015,6763.91319959,15931634.96422,2281.16823245,6983.98072425
1528675200,6955.68849993,6622.12873599,6765.49999999,6874.596078,9301862.6777257,1374.04591776,6769.68837612
1528761600,6883.89999914,6434.29893281,6874.5960782,6540.00000001,8876482.4049226,1331.43295303,6666.86398644
1528848000,6614.80741578,6123.77679339,6540.0,6292.30084274,15956497.066475,2510.56524084,6355.73886187
1528934400,6703.09894302,6260.53925299,6299.23959935,6626.9286401,11338006.950267,1748.71232487,6483.63186386
1529020800,6655.80953363,6363.10000082,6626.96239158,6376.15122659,4453023.1227525,684.08686459,6509.44105676
1529107200,6557.93095203,6330.0,6374.45125813,6483.83962365,4296299.72215,667.06825117,6440.5699336
1529193600,6577.0,6428.41135718,6485.0,6442.0,2122722.472826,326.71054619,6497.2572743
1529280000,6799.0,6382.07754452,6444.0,6714.48541476,5951226.5306125,902.73869411,6592.41325251
1529366400,6833.0,6660.00000001,6715.0,6746.0,4505434.430291,669.19519346,6732.61624459
1529452800,6807.06370614,6556.63650014,6746.2,6753.0,3724220.6476888,558.00986656,6674.1125397
1529539200,6789.78706472,6676.1,6759.67999948,6712.63276587,2713250.0965438,403.34190514,6726.92339171
1529625600,6730.02540511,5888.88,6719.47637959,6041.6665,21259174.748666,3435.74180712,6187.65202455
1529712000,6250.0,6006.10000001,6041.69798095,6164.34251788,4788665.8231423,782.39311825,6120.53673714
1529798400,6241.45949872,5760.0,6154.55052255,6151.81429999,14338863.113712,2419.30164393,5926.86040192
1529884800,6339.0,6065.0,6140.00000867,6240.00000166,6561441.0479429,1055.43460721,6216.81438444
1529971200,6264.02000026,6021.75327797,6246.89999979,6078.39999986,3910752.0256011,633.84921771,6169.84594495
1530057600,6185.0639698,6001.3,6078.89999921,6137.87057885,7357602.1956644,1211.09385424,6075.17094559
1530144000,6165.28461488,5781.55130152,6137.87057885,5872.99999926,5956196.0827863,995.22591949,5984.76784631
1530230400,6300.0,5800.0,5866.24997922,6197.50000071,11344774.017679,1907.17130902,5948.48190302
1530316800,6514.60037248,6183.33534474,6199.99999978,6390.5236881,8010440.2100846,1254.88350955,6383.41339982
1530403200,6500.0,6262.0,6399.4592826,6348.80000001,4052190.7026685,636.34641739,6367.90055216
1530489600,6795.8308,6275.0,6362.66333749,6614.23108202,9550138.5143586,1451.12707304,6581.18692138
1530576000,6674.9293,6470.0,6615.0,6497.65940927,6198369.1096407,941.91629563,6580.59440992
1530662400,6781.09999999,6410.89,6511.0,6585.60313941,6234600.9332713,945.4389895,6594.397949
1530748800,6697.97359292,6461.18461459,6583.2,6532.21538558,8076724.7856507,1226.31612051,6586.16864817
1530835200,6635.5,6441.51030018,6536.39429217,6605.0,4221722.5515858,644.67123021,6548.64426044
1530921600,6800.000001,6516.71,6613.0,6760.0,3875908.5847144,585.20662627,6623.14541689
1531008000,6782.0,6680.0,6760.0,6703.51638138,3801523.1776766,563.69507269,6743.9354393
1531094400,6800.122952,6630.0,6703.5,6654.50000001,4637908.5540731,691.3443278,6708.53635095
1531180800,6682.2281419,6260.00000004,6659.95530488,6298.0,7289756.0363088,1129.84911761,6451.97303134
1531267200,6406.06879997,6285.00106009,6304.02325863,6374.00000397,2878962.3033615,453.41030679,6349.57401772
1531353600,6377.0,5999.0,6377.0,6245.0,7600660.6691654,1230.35922841,6177.59471677
1531440000,6349.0,6123.00000001,6245.65547191,6218.64153614,4697950.9982241,753.56490598,6234.3017316
1531526400,6317.10572651,6178.206,6221.45599921,6253.61666487,3026352.6963247,484.82957173,6242.09592976
1531612800,6387.83960165,6235.09605744,6251.53947838,6343.13643,3711992.6771214,585.15607968,6343.59413842
1531699200,6744.98365423,6335.00000359,6350.16910676,6735.0,7529274.8367352,1148.02037309,6558.48538338
1531785600,7450.06703767,6661.09423324,6719.59975922,7320.51202306,19957081.728342,2792.41339503,7146.89370988
1531872000,7589.6158,7232.00000002,7320.5120232,7372.78,14560219.990659,1961.46281179,7423.14353509
1531958400,7564.99999999,7272.72113756,7376.04590835,7475.18836125,7417323.7658908,1001.07677059,7409.34560045
1532044800,7689.6158,7286.42714559,7480.8367389,7340.57785179,11562127.477698,1557.42429795,7423.87767605
1532131200,7450.0,7220.0,7340.57785188,7411.41060024,5209452.0157898,709.91569083,7338.12772851
1532217600,7579.96287255,7359.5,7399.89329578,7405.0,5882855.4037268,790.32968665,7443.54603287
1532304000,7800.0,7380.0,7402.66279778,7720.0,7196172.2366053,935.74597399,7690.30531429
1532390400,8480.00000001,7700.0,7719.99999999,8410.0,16411414.545027,2018.61021767,8130.0562146
1532476800,8483.406,8055.32130921,8410.09309769,8173.03501117,12994442.793978,1576.09666253,8244.69913737
1532563200,8314.94,7850.50000048,8174.98401119,7938.00204999,10739872.401859,1327.64620757,8089.40841364
1532649600,8280.0,7801.995264,7938.00204999,8185.4764035,10536639.041297,1311.01613127,8037.00182627
1532736000,8234.46501281,8075.0,8199.95557941,8218.0,7048688.88539,862.59514647,8171.49147457
1532822400,8297.99999998,8125.62313,8218.0,8221.15112094,3698921.0513855,449.60361692,8227.07138506
1532908800,8264.0,7863.9999995,8223.00993812,8178.05451886,8844876.672858,1094.78907681,8079.0691652
1532995200,8178.05451886,7643.00000001,8178.05451886,7731.55172042,12331578.698452,1575.23601512,7828.40068414
1533081600,7752.40186539,7440.00000001,7733.55387023,7616.01739137,10837740.586977,1433.33708282,7561.19458352
1533168000,7699.38887939,7464.6937052,7604.99203941,7536.86137497,6425286.3739446,848.02934569,7576.72645009
1533254400,7533.9999994,7290.0,7533.9999994,7411.21513438,11275198.867729,1523.87923022,7399.01079044
1533340800,7489.99999999,6939.96894754,7411.21513438,7005.0,9226190.047259,1289.8550708,7152.88892226
1533427200,7084.0,6899.0,7005.0,7034.20000001,4431720.4074659,634.2690391,6987.13027795
1533513600,7149.0,6850.0,7020.01513133,6928.5,5755826.9227061,825.53607721,6972.22941746
1533600000,7150.46150139,6663.47410509,6938.75121385,6712.0,9018760.8319387,1301.60057224,6928.97731015
1533686400,6722.15692553,6124.0,6722.15692553,6278.64307702,15041359.034925,2342.84877672,6420.11519667
1533772800,6615.89544153,6184.29063412,6280.67370878,6526.3435,8185726.2153254,1272.22227114,6434.19503102
1533859200,6568.00000059,6017.1712832,6534.98999998,6147.0,9048838.6813281,1440.88372241,6280.06170143
1533945600,6479.27935498,6011.0,6147.0,6220.0,11838236.333939,1920.8164839,6163.12720822
1534032000,6469.0,6158.99999999,6220.2475963,6310.79273054,5945092.3038946,942.77416492,6305.95589602
1534118400,6530.0,6151.0,6310.99999751,6247.99951731,7378997.5901052,1170.18635929,6305.8311452
1534204800,6247.15589592,5755.0,6246.22906202,6189.72523945,16773201.978627,2789.21200889,6013.59879606
1534291200,6650.0,6176.69636165,6190.83856624,6265.65991614,12135793.835497,1896.93963881,6397.5645757
1534377600,6472.43620644,6210.00000001,6275.84255265,6312.89651855,8716171.045482,1375.05858755,6338.76339844
1534464000,6580.0,6286.1254482,6312.89651887,6579.0,7911496.9364828,1221.02161708,6479.40775643
1534550400,6619.88375235,6300.75370135,6579.0,6388.0,6235435.0822141,970.3499971,6425.96496197
1534636800,6544.22339997,6306.21067385,6388.0,6487.46551362,5142768.2729369,800.67846044,6423.01314076
1534723200,6521.57330046,6222.50117648,6480.62482263,6250.0,6499111.7946707,1020.04557075,6371.393574
1534809600,6490.0,6248.0,6250.1,6468.94324001,4288196.902821,671.15774538,6389.25339436
1534896000,6894.59709394,6255.60855945,6479.13228986,6354.76760181,14297907.619845,2172.95858866,6579.92641666
1534982400,6567.21624341,6344.41097009,6354.76760182,6530.61679861,3817505.5576789,592.45962623,6443.48642281
1535068800,6718.0,6458.00247604,6525.836537,6685.5221834,4998490.5109563,759.90734702,6577.76310567
1535155200,6789.0,6665.0,6693.30687869,6726.09110293,3486018.4579402,519.28501314,6713.11200926
1535241600,6778.39567784,6571.29781001,6726.25829319,6713.15160008,4767849.845302,715.03995965,6667.94880615
1535328000,6935.81519294,6650.0,6711.7249996,6905.0,3967505.1764849,585.97426312,6770.78401935
1535414400,7125.2884,6863.0,6899.94648226,7076.19119035,7739541.4591951,1103.57616493,7013.14662743
1535500800,7123.00003973,6899.9,7076.30737,7032.11521635,5185638.3387394,738.18491363,7024.85006533
1535587200,7059.01888,6805.54366445,7040.3,6992.11499978,6820688.1664363,987.17600192,6909.29292564
1535673600,7090.0,6887.9150175,6984.6111043,7026.53245,5835158.3307751,833.13113403,7003.8894148
1535760000,7275.0,7013.87034594,7019.16858241,7202.0,8207003.3956277,1147.90106421,7149.57381913
1535846400,7338.0,7130.8720297,7201.66,7299.99999999,7885339.4268228,1087.33774476,7251.96882461
1535932800,7335.0,7196.07706309,7300.0,7267.45,4761188.7841162,655.44826722,7264.01917928
1536019200,7409.75926505,7246.40614416,7267.44999903,7359.08511489,4671679.1770379,636.0422325,7344.91978414
1536105600,7395.893925,6680.0,7359.08511332,6700.00000001,13686813.591495,1951.00439185,7015.26539287
1536192000,6725.70621878,6300.0,6700.41491795,6510.00000005,11377818.542885,1766.22580357,6441.88218736
1536278400,6550.0,6320.0,6511.50999985,6388.73890713,5680268.7102325,881.43886861,6444.31385149
1536364800,6474.1,6121.4578745,6397.88266733,6181.8813584,5167866.4086024,826.44958524,6253.09335366
1536451200,6448.58975983,6147.0,6180.55599492,6247.78526753,3828041.6937824,605.31078923,6324.09294843
1536537600,6360.18486353,6231.0,6240.0,6312.83369544,3558526.4659393,565.54730661,6292.18179336
1536624000,6397.45613999,6162.34000005,6315.0,6291.15296,5055767.9607088,804.30805026,6285.8601988
1536710400,6350.0,6197.00000002,6291.05295,6338.40716479,4899249.0784907,781.49603468,6269.06453913
1536796800,6434.54341008,6333.42326464,6333.42326464,6417.17680247,1250534.7635553,195.33660756,6401.94779245
